Plate,Well,Buffer,Tempertaure,Time_Factor,Time_Cont,Extraction,Technical_rep,PCR_rep,QS_conc,qs_conc_adjusted,Cq_IPC,Cq_negcont,delta_Cq,Eamc_sample,Cq_sample,No_standard,Eamc_standard,Cq_standard,No_sample
1 eDNA Pres II_Dilution Series,B10,Longmire's,RT,1 month,4,PCI,2,3,468.85508,9377.1,29.312,26.48487027,2.82712973,1.898,35.452,1.14,1.841,22.453,0.000138612
1 eDNA Pres II_Dilution Series,B8,Longmire's,RT,1 month,4,PCI,2,1,246.79798,4935.96,29.169,26.48487027,2.68412973,1.882,36.535,1.14,1.841,22.453,9.52E-05
1 eDNA Pres II_Dilution Series,B9,Longmire's,RT,1 month,4,PCI,2,2,347.83754,6956.75,29.282,26.48487027,2.79712973,1.849,35.929,1.14,1.841,22.453,0.000261786
1 eDNA Pres II_Dilution Series,C10,Ethanol,4,1 month,4,PCI,2,1,1308.37492,1308.37,29.025,26.48487027,2.54012973,1.78,33.553,1.14,1.841,22.453,0.004040456
1 eDNA Pres II_Dilution Series,C11,Ethanol,4,1 month,4,PCI,2,2,1193.02503,1193.03,28.932,26.48487027,2.44712973,1.865,33.895,1.14,1.841,22.453,0.000684747
1 eDNA Pres II_Dilution Series,C12,Ethanol,4,1 month,4,PCI,2,3,1267.26925,1267.27,29.045,26.48487027,2.56012973,1.866,33.786,1.14,1.841,22.453,0.000718923
1 eDNA Pres II_Dilution Series,C4,Longmire's,RT,1 month,4,PCI,1,1,100.68027,2013.61,29.316,26.48487027,2.83112973,1.814,37.956,1.14,1.841,22.453,0.00015672
1 eDNA Pres II_Dilution Series,C5,Longmire's,RT,1 month,4,PCI,1,2,139.06929,2781.39,29.248,26.48487027,2.76312973,1.851,37.46,1.14,1.841,22.453,9.77E-05
1 eDNA Pres II_Dilution Series,C6,Longmire's,RT,1 month,4,PCI,1,3,329.59162,6591.83,29.477,26.48487027,2.99212973,1.82,35.968,1.14,1.841,22.453,0.000453345
1 eDNA Pres II_Dilution Series,C7,Longmire's,RT,1 month,4,Kit,2,1,8932.54206,8932.54,28.838,26.48487027,2.35312973,1.781,30.35,1.14,1.841,22.453,0.025341103
1 eDNA Pres II_Dilution Series,C8,Longmire's,RT,1 month,4,Kit,2,2,8610.16475,8610.16,28.968,26.48487027,2.48312973,1.804,30.431,1.14,1.841,22.453,0.016190794
1 eDNA Pres II_Dilution Series,C9,Longmire's,RT,1 month,4,Kit,2,3,10484.03513,10484.04,29.083,26.48487027,2.59812973,1.789,30.091,1.14,1.841,22.453,0.025488667
1 eDNA Pres II_Dilution Series,D4,Longmire's,RT,1 month,4,Kit,1,1,8571.757,8571.76,28.928,26.48487027,2.44312973,1.802,30.447,1.14,1.841,22.453,0.01667233
1 eDNA Pres II_Dilution Series,D5,Longmire's,RT,1 month,4,Kit,1,2,6073.17733,6073.18,28.959,26.48487027,2.47412973,1.756,30.922,1.14,1.841,22.453,0.027996092
1 eDNA Pres II_Dilution Series,D6,Longmire's,RT,1 month,4,Kit,1,3,7473.48415,7473.48,28.999,26.48487027,2.51412973,1.794,30.643,1.14,1.841,22.453,0.016984737
1 eDNA Pres II_Dilution Series,F1,Ethanol,4,1 month,4,PCI,1,1,1916.8884,1916.89,28.96,26.48487027,2.47512973,1.814,32.987,1.14,1.841,22.453,0.002975631
1 eDNA Pres II_Dilution Series,F2,Ethanol,4,1 month,4,PCI,1,2,1622.50502,1622.51,28.811,26.48487027,2.32612973,1.85,33.274,1.14,1.841,22.453,0.001310773
1 eDNA Pres II_Dilution Series,F3,Ethanol,4,1 month,4,PCI,1,3,1684.49793,1684.5,28.853,26.48487027,2.36812973,1.778,33.094,1.14,1.841,22.453,0.005453294
1 eDNA Pres II_Dilution Series,G5,Ethanol,4,1 month,4,Kit,1,1,3820.32339,3820.32,28.808,26.48487027,2.32312973,1.765,31.764,1.14,1.841,22.453,0.014849593
1 eDNA Pres II_Dilution Series,G6,Ethanol,4,1 month,4,Kit,1,2,5057.65015,5057.65,29.141,26.48487027,2.65612973,1.805,31.311,1.14,1.841,22.453,0.009424071
1 eDNA Pres II_Dilution Series,G7,Ethanol,4,1 month,4,Kit,1,3,5143.70343,5143.7,28.804,26.48487027,2.31912973,1.824,31.301,1.14,1.841,22.453,0.006865552
2 eDNA Pres II,A10,Longmire's,RT,1 month,4,PCI,2,4,318.84524,6376.9,27.951,27.76168442,0.18931558,1.894,36.209,1.14,1.819,22.305,6.49E-05
2 eDNA Pres II,A11,Longmire's,RT,1 month,4,PCI,2,5,75.87941,1517.59,28.225,27.76168442,0.46331558,na,na,1.14,1.819,22.305,#VALUE!
2 eDNA Pres II,A12,Longmire's,RT,1 month,4,PCI,2,6,451.30344,9026.07,28.267,27.76168442,0.50531558,1.894,35.777,1.14,1.819,22.305,8.48E-05
2 eDNA Pres II,A4,Longmire's,RT,1 month,4,PCI,1,4,337.96925,6759.39,28.189,27.76168442,0.42731558,1.891,36.153,1.14,1.819,22.305,7.10E-05
2 eDNA Pres II,A5,Longmire's,RT,1 month,4,PCI,1,5,392.03317,7840.66,28.122,27.76168442,0.36031558,1.837,35.886,1.14,1.819,22.305,0.000237344
2 eDNA Pres II,A6,Longmire's,RT,1 month,4,PCI,1,6,161.81685,3236.34,28.153,27.76168442,0.39131558,1.726,37.188,1.14,1.819,22.305,0.001098009
2 eDNA Pres II,A7,Longmire's,RT,1 month,4,PCI,1,7,197.9369,3958.74,28.089,27.76168442,0.32731558,1.727,36.921,1.14,1.819,22.305,0.001232124
2 eDNA Pres II,A8,Longmire's,RT,1 month,4,PCI,1,8,321.70475,6434.1,28.491,27.76168442,0.72931558,1.931,36.227,1.14,1.819,22.305,3.15E-05
2 eDNA Pres II,A9,Longmire's,RT,1 month,4,PCI,1,9,107.48561,2149.71,28.219,27.76168442,0.45731558,1.663,37.777,1.14,1.819,22.305,0.003216641
2 eDNA Pres II,B10,Longmire's,RT,1 month,4,Kit,3,3,7334.86284,7334.86,27.902,27.76168442,0.14031558,1.821,30.901,1.14,1.819,22.305,0.006414006
2 eDNA Pres II,B11,Longmire's,RT,1 month,4,Kit,3,4,5420.17166,5420.17,27.827,27.76168442,0.06531558,1.871,31.43,1.14,1.819,22.305,0.001994846
2 eDNA Pres II,B12,Longmire's,RT,1 month,4,Kit,3,5,6128.88299,6128.88,27.956,27.76168442,0.19431558,1.869,31.267,1.14,1.819,22.305,0.00230223
2 eDNA Pres II,B4,Longmire's,RT,1 month,4,PCI,2,7,na,na,28.04,27.76168442,0.27831558,na,na,1.14,1.819,22.305,#VALUE!
2 eDNA Pres II,B5,Longmire's,RT,1 month,4,PCI,2,8,66.03876,1320.78,28.114,27.76168442,0.35231558,2.038,39.27,1.14,1.819,22.305,5.11E-07
2 eDNA Pres II,B6,Longmire's,RT,1 month,4,PCI,2,9,208.2087,4164.17,28.049,27.76168442,0.28731558,1.73,36.854,1.14,1.819,22.305,0.001202404
2 eDNA Pres II,B8,Longmire's,RT,1 month,4,Kit,3,1,4151.33405,4151.33,27.541,27.76168442,-0.22068442,1.796,31.805,1.14,1.819,22.305,0.00576193
2 eDNA Pres II,B9,Longmire's,RT,1 month,4,Kit,3,2,5699.2704,5699.27,27.903,27.76168442,0.14131558,1.806,31.254,1.14,1.819,22.305,0.006708519
2 eDNA Pres II,C10,Longmire's,RT,1 month,4,Kit,3,6,6673.23824,6673.24,28.061,27.76168442,0.29931558,1.834,31.046,1.14,1.819,22.305,0.00475894
2 eDNA Pres II,C11,Longmire's,RT,1 month,4,Kit,3,7,5681.31031,5681.31,27.724,27.76168442,-0.03768442,1.847,31.328,1.14,1.819,22.305,0.003179909
2 eDNA Pres II,C12,Longmire's,RT,1 month,4,Kit,3,8,7462.90619,7462.91,27.833,27.76168442,0.07131558,1.815,30.911,1.14,1.819,22.305,0.007059489
2 eDNA Pres II,C4,Longmire's,RT,1 month,4,Kit,1,4,7866.65734,7866.66,27.98,27.76168442,0.21831558,1.85,30.713,1.14,1.819,22.305,0.004400109
2 eDNA Pres II,C5,Longmire's,RT,1 month,4,Kit,1,5,6895.44715,6895.45,27.907,27.76168442,0.14531558,1.795,30.961,1.14,1.819,22.305,0.009646956
2 eDNA Pres II,C6,Longmire's,RT,1 month,4,Kit,1,6,6848.11547,6848.12,27.824,27.76168442,0.06231558,1.803,30.965,1.14,1.819,22.305,0.008484904
2 eDNA Pres II,C7,Longmire's,RT,1 month,4,Kit,1,7,7192.44638,7192.45,27.861,27.76168442,0.09931558,1.785,30.84,1.14,1.819,22.305,0.012305351
2 eDNA Pres II,C8,Longmire's,RT,1 month,4,Kit,1,8,6553.17446,6553.17,27.88,27.76168442,0.11831558,1.803,31.034,1.14,1.819,22.305,0.00810319
2 eDNA Pres II,C9,Longmire's,RT,1 month,4,Kit,1,9,8704.42018,8704.42,28.044,27.76168442,0.28231558,1.849,30.574,1.14,1.819,22.305,0.004925469
2 eDNA Pres II,D10,Longmire's,RT,1 month,4,Kit,3,9,6236.33619,6236.34,27.79287529,27.76168442,0.03119087,1.803,31.074,1.14,1.819,22.305,0.007956152
2 eDNA Pres II,D11,Ethanol,4,1 month,4,PCI,3,1,994.01339,994.01,29.48473358,27.76168442,1.72304916,1.887,34.404,1.14,1.819,22.305,0.000233465
2 eDNA Pres II,D12,Ethanol,4,1 month,4,PCI,3,2,793.22874,793.23,30.33068085,27.76168442,2.56899643,1.908,34.839,1.14,1.819,22.305,0.000120317
2 eDNA Pres II,D4,Longmire's,RT,1 month,4,Kit,2,4,8638.53469,8638.53,27.89827538,27.76168442,0.13659096,1.832,30.546,1.14,1.819,22.305,0.006617797
2 eDNA Pres II,D5,Longmire's,RT,1 month,4,Kit,2,5,8678.78459,8678.78,27.69544029,27.76168442,-0.06624413,1.811,30.493,1.14,1.819,22.305,0.009757998
2 eDNA Pres II,D6,Longmire's,RT,1 month,4,Kit,2,6,8648.16923,8648.17,27.95098686,27.76168442,0.18930244,1.828,30.533,1.14,1.819,22.305,0.007145286
2 eDNA Pres II,D7,Longmire's,RT,1 month,4,Kit,2,7,9752.3788,9752.38,27.98527908,27.76168442,0.22359466,1.793,30.295,1.14,1.819,22.305,0.014691899
2 eDNA Pres II,D8,Longmire's,RT,1 month,4,Kit,2,8,9120.99238,9120.99,28.00677109,27.76168442,0.24508667,1.796,30.399,1.14,1.819,22.305,0.013177576
2 eDNA Pres II,D9,Longmire's,RT,1 month,4,Kit,2,9,9916.86154,9916.86,27.7931366,27.76168442,0.03145218,1.808,30.301,1.14,1.819,22.305,0.011433972
2 eDNA Pres II,E10,Ethanol,4,1 month,4,PCI,3,3,1088.01341,1088.01,28.995,27.76168442,1.23331558,1.828,34.145,1.14,1.819,22.305,0.000801845
2 eDNA Pres II,E11,Ethanol,4,1 month,4,PCI,3,4,1127.97285,1127.97,29.267,27.76168442,1.50531558,1.859,34.142,1.14,1.819,22.305,0.000453578
2 eDNA Pres II,E12,Ethanol,4,1 month,4,PCI,3,5,1141.54175,1141.54,29.349,27.76168442,1.58731558,1.828,34.131,1.14,1.819,22.305,0.000810101
2 eDNA Pres II,E4,Ethanol,4,1 month,4,PCI,1,4,986.13708,986.14,27.724,27.76168442,-0.03768442,1.846,34.286,1.14,1.819,22.305,0.000529307
2 eDNA Pres II,E5,Ethanol,4,1 month,4,PCI,1,5,1369.14733,1369.15,27.685,27.76168442,-0.07668442,1.862,33.68,1.14,1.819,22.305,0.000570755
2 eDNA Pres II,E6,Ethanol,4,1 month,4,PCI,1,6,1282.05831,1282.06,27.788,27.76168442,0.02631558,1.823,33.794,1.14,1.819,22.305,0.001102434
2 eDNA Pres II,E7,Ethanol,4,1 month,4,PCI,1,7,1304.16336,1304.16,27.669,27.76168442,-0.09268442,1.858,33.751,1.14,1.819,22.305,0.000595303
2 eDNA Pres II,E8,Ethanol,4,1 month,4,PCI,1,8,1322.29214,1322.29,27.65,27.76168442,-0.11168442,1.864,33.72,1.14,1.819,22.305,0.000540644
2 eDNA Pres II,E9,Ethanol,4,1 month,4,PCI,1,9,1265.33385,1265.33,27.735,27.76168442,-0.02668442,1.813,33.886,1.14,1.819,22.305,0.001237065
2 eDNA Pres II,F1,Ethanol,4,1 month,4,PCI,2,4,1232.9967,1233,28.051,27.76168442,0.28931558,1.836,33.918,1.14,1.819,22.305,0.000793315
2 eDNA Pres II,F11,Ethanol,4,1 month,4,PCI,3,6,1466.75296,1466.75,29.392,27.76168442,1.63031558,1.828,33.503,1.14,1.819,22.305,0.001198431
2 eDNA Pres II,F12,Ethanol,4,1 month,4,PCI,3,7,895.1145,895.11,29.885,27.76168442,2.12331558,1.836,34.515,1.14,1.819,22.305,0.000555822
2 eDNA Pres II,F2,Ethanol,4,1 month,4,PCI,2,5,1560.88185,1560.88,27.715,27.76168442,-0.04668442,1.87,33.473,1.14,1.819,22.305,0.000561291
2 eDNA Pres II,F3,Ethanol,4,1 month,4,PCI,2,6,1064.58645,1064.59,27.813,27.76168442,0.05131558,1.849,34.18,1.14,1.819,22.305,0.000530733
2 eDNA Pres II,F4,Ethanol,4,1 month,4,PCI,2,7,1662.95993,1662.96,27.934,27.76168442,0.17231558,1.816,33.33,1.14,1.819,22.305,0.001642315
2 eDNA Pres II,F5,Ethanol,4,1 month,4,PCI,2,8,1450.99347,1450.99,27.667,27.76168442,-0.09468442,1.853,33.576,1.14,1.819,22.305,0.000721593
2 eDNA Pres II,F6,Ethanol,4,1 month,4,PCI,2,9,1476.29005,1476.29,27.859,27.76168442,0.09731558,1.818,33.48,1.14,1.819,22.305,0.001454181
2 eDNA Pres II,F7,Ethanol,4,1 month,4,Kit,2,1,3887.3977,3887.4,27.874,27.76168442,0.11231558,1.803,31.905,1.14,1.819,22.305,0.004854911
2 eDNA Pres II,F8,Ethanol,4,1 month,4,Kit,2,2,4000.64467,4000.64,27.82,27.76168442,0.05831558,1.808,31.851,1.14,1.819,22.305,0.004546343
2 eDNA Pres II,F9,Ethanol,4,1 month,4,Kit,2,3,3517.00047,3517,27.845,27.76168442,0.08331558,1.805,32.054,1.14,1.819,22.305,0.004283315
2 eDNA Pres II,G10,Ethanol,4,1 month,4,Kit,2,6,4275.32895,4275.33,27.767,27.76168442,0.00531558,1.794,31.636,1.14,1.819,22.305,0.00661458
2 eDNA Pres II,G11,Ethanol,4,1 month,4,PCI,3,8,1399.88016,1399.88,29.186,27.76168442,1.42431558,1.899,33.649,1.14,1.819,22.305,0.000302413
2 eDNA Pres II,G12,Ethanol,4,1 month,4,PCI,3,9,784.33746,784.34,30.112,27.76168442,2.35031558,1.939,34.789,1.14,1.819,22.305,7.07E-05
2 eDNA Pres II,G2,Ethanol,4,1 month,4,Kit,1,4,4614.17623,4614.18,27.785,27.76168442,0.02331558,1.864,31.641,1.14,1.819,22.305,0.001986152
2 eDNA Pres II,G3,Ethanol,4,1 month,4,Kit,1,5,5240.15492,5240.15,27.858,27.76168442,0.09631558,1.827,31.406,1.14,1.819,22.305,0.004272835
2 eDNA Pres II,G4,Ethanol,4,1 month,4,Kit,1,6,4764.43674,4764.44,27.848,27.76168442,0.08631558,1.921,31.656,1.14,1.819,22.305,0.000755223
2 eDNA Pres II,G5,Ethanol,4,1 month,4,Kit,1,7,5713.71661,5713.72,27.862,27.76168442,0.10031558,1.786,31.21,1.14,1.819,22.305,0.009846093
2 eDNA Pres II,G6,Ethanol,4,1 month,4,Kit,1,8,5013.28381,5013.28,27.937,27.76168442,0.17531558,1.835,31.455,1.14,1.819,22.305,0.00362692
2 eDNA Pres II,G7,Ethanol,4,1 month,4,Kit,1,9,3994.14962,3994.15,27.642,27.76168442,-0.11968442,1.814,31.861,1.14,1.819,22.305,0.004058968
2 eDNA Pres II,G8,Ethanol,4,1 month,4,Kit,2,4,3016.60993,3016.61,27.916,27.76168442,0.15431558,1.812,32.265,1.14,1.819,22.305,0.003318749
2 eDNA Pres II,G9,Ethanol,4,1 month,4,Kit,2,5,4402.32502,4402.33,28.019,27.76168442,0.25731558,1.835,31.687,1.14,1.819,22.305,0.00313984
2 eDNA Pres II,H1,Longmire's,RT,1 month,4,PCI,3,1,705.79723,14115.94,28.735,27.76168442,0.97331558,1.859,34.87,1.14,1.819,22.305,0.000288839
2 eDNA Pres II,H2,Longmire's,RT,1 month,4,PCI,3,2,531.29194,10625.84,28.943,27.76168442,1.18131558,1.898,35.286,1.14,1.819,22.305,0.000107633
2 eDNA Pres II,H3,Longmire's,RT,1 month,4,PCI,3,3,334.07434,6681.49,29.31,27.76168442,1.54831558,1.814,36.033,1.14,1.819,22.305,0.000338025
2 eDNA Pres II,H4,Longmire's,RT,1 month,4,PCI,3,4,592.93449,11858.69,29.417,27.76168442,1.65531558,1.904,35.169,1.14,1.819,22.305,0.000104541
2 eDNA Pres II,H5,Longmire's,RT,1 month,4,PCI,3,5,291.74442,5834.89,29.049,27.76168442,1.28731558,1.874,36.312,1.14,1.819,22.305,8.80E-05
2 eDNA Pres II,H6,Longmire's,RT,1 month,4,PCI,3,6,653.18483,13063.7,29.457,27.76168442,1.69531558,1.858,34.952,1.14,1.819,22.305,0.000279561
2 eDNA Pres II,H7,Longmire's,RT,1 month,4,PCI,3,7,741.73039,14834.61,29.267,27.76168442,1.50531558,1.879,34.764,1.14,1.819,22.305,0.000212878
2 eDNA Pres II,H8,Longmire's,RT,1 month,4,PCI,3,8,591.85218,11837.04,29.957,27.76168442,2.19531558,1.959,35.193,1.14,1.819,22.305,3.76E-05
2 eDNA Pres II,H9,Longmire's,RT,1 month,4,PCI,3,9,1026.82179,20536.44,33.434,27.76168442,5.67231558,1.782,34.152,1.14,1.819,22.305,0.001905568
24 eDNA Pres I and II,B10,Longmire's,RT,1 month,4,PCI,4,6,85.675,1713.5,27.766,27.33913294,0.42686706,1.85,38.725,1.14,1.804,22.93,3.84E-05
24 eDNA Pres I and II,B11,Longmire's,RT,1 month,4,PCI,4,7,249.426,4988.52,27.709,27.33913294,0.36986706,1.897,37.031,1.14,1.804,22.93,4.30E-05
24 eDNA Pres I and II,B12,Longmire's,RT,1 month,4,PCI,4,8,160.595,3211.9,28.087,27.33913294,0.74786706,1.859,37.723,1.14,1.804,22.93,5.93E-05
24 eDNA Pres I and II,B4,Longmire's,RT,1 month,4,PCI,4,1,151.103,3022.06,27.73,27.33913294,0.39086706,1.812,37.786,1.14,1.804,22.93,0.000151456
24 eDNA Pres I and II,B5,Longmire's,RT,1 month,4,PCI,4,2,na,na,27.756,27.33913294,0.41686706,na,na,1.14,1.804,22.93,#VALUE!
24 eDNA Pres I and II,B6,Longmire's,RT,1 month,4,PCI,4,3,na,na,27.852,27.33913294,0.51286706,na,na,1.14,1.804,22.93,#VALUE!
24 eDNA Pres I and II,B8,Longmire's,RT,1 month,4,PCI,4,4,na,na,27.81,27.33913294,0.47086706,na,na,1.14,1.804,22.93,#VALUE!
24 eDNA Pres I and II,B9,Longmire's,RT,1 month,4,PCI,4,5,na,na,28.199,27.33913294,0.85986706,na,na,1.14,1.804,22.93,#VALUE!
24 eDNA Pres I and II,F11,Longmire's,RT,1 month,4,PCI,4,9,na,na,27.63,27.33913294,0.29086706,na,na,1.14,1.804,22.93,#VALUE!
3 eDNA Pres II,B10,Longmire's,RT,1 month,4,Kit,4,6,7420.56035,7420.56,27.619,27.08452352,0.534723918,1.861,30.723,1.14,1.831,22.408,0.004536364
3 eDNA Pres II,B11,Longmire's,RT,1 month,4,Kit,4,7,7808.76912,7808.77,27.246,27.08452352,0.161247889,1.863,30.647,1.14,1.831,22.408,0.004623504
3 eDNA Pres II,B12,Longmire's,RT,1 month,4,Kit,4,8,7401.27638,7401.28,27.449,27.08452352,0.364449183,1.85,30.749,1.14,1.831,22.408,0.005311709
3 eDNA Pres II,B4,Longmire's,RT,1 month,4,Kit,4,1,5770.01367,5770.01,27.445,27.08452352,0.360941569,1.842,31.133,1.14,1.831,22.408,0.004854892
3 eDNA Pres II,B5,Longmire's,RT,1 month,4,Kit,4,2,7306.22932,7306.23,27.402,27.08452352,0.317164103,1.914,30.798,1.14,1.831,22.408,0.001811684
3 eDNA Pres II,B6,Longmire's,RT,1 month,4,Kit,4,3,7989.83965,7989.84,27.549,27.08452352,0.464461009,1.933,30.664,1.14,1.831,22.408,0.001470325
3 eDNA Pres II,B8,Longmire's,RT,1 month,4,Kit,4,4,7614.45286,7614.45,27.469,27.08452352,0.384756724,1.842,30.667,1.14,1.831,22.408,0.006454553
3 eDNA Pres II,B9,Longmire's,RT,1 month,4,Kit,4,5,6703.34371,6703.34,27.354,27.08452352,0.269968669,1.819,30.876,1.14,1.831,22.408,0.008279146
3 eDNA Pres II,C10,Ethanol,4,1 month,4,PCI,4,7,283.37556,283.38,30.618,27.08452352,3.53346316,1.828,36.154,1.14,1.831,22.408,0.000296559
3 eDNA Pres II,C11,Ethanol,4,1 month,4,PCI,4,8,305.05517,305.06,30.328,27.08452352,3.243740718,1.855,36.068,1.14,1.831,22.408,0.000183212
3 eDNA Pres II,C12,Ethanol,4,1 month,4,PCI,4,9,50.85475,50.85,33.219,27.08452352,6.134165446,1.848,39.101,1.14,1.831,22.408,3.29E-05
3 eDNA Pres II,C4,Ethanol,4,1 month,4,PCI,4,1,110.04019,110.04,31.647,27.08452352,4.562912623,1.786,37.756,1.14,1.831,22.408,0.000273921
3 eDNA Pres II,C5,Ethanol,4,1 month,4,PCI,4,2,276.83211,276.83,30.398,27.08452352,3.313400904,1.805,36.179,1.14,1.831,22.408,0.000462959
3 eDNA Pres II,C6,Ethanol,4,1 month,4,PCI,4,3,192.04273,192.04,29.981,27.08452352,2.896088282,1.802,36.852,1.14,1.831,22.408,0.000327311
3 eDNA Pres II,C7,Ethanol,4,1 month,4,PCI,4,4,416.45221,416.45,30.126,27.08452352,3.041432063,1.862,35.489,1.14,1.831,22.408,0.000228392
3 eDNA Pres II,C8,Ethanol,4,1 month,4,PCI,4,5,295.77041,295.77,30.761,27.08452352,3.676209132,1.781,36.061,1.14,1.831,22.408,0.000795509
3 eDNA Pres II,C9,Ethanol,4,1 month,4,PCI,4,6,427.39199,427.39,30.47,27.08452352,3.385101954,1.824,35.438,1.14,1.831,22.408,0.000494177
3 eDNA Pres II,D10,Ethanol,4,1 month,4,Kit,3,7,3922.26828,3922.27,27.338,27.08452352,0.253498713,1.873,31.793,1.14,1.831,22.408,0.001887578
3 eDNA Pres II,D11,Ethanol,4,1 month,4,Kit,3,8,5093.2006,5093.2,27.496,27.08452352,0.411368052,1.911,31.395,1.14,1.831,22.408,0.001305462
3 eDNA Pres II,D12,Ethanol,4,1 month,4,Kit,3,9,3921.61775,3921.62,27.277,27.08452352,0.19264857,1.904,31.819,1.14,1.831,22.408,0.001103669
3 eDNA Pres II,D4,Ethanol,4,1 month,4,Kit,3,1,4369.39532,4369.4,27.329,27.08452352,0.244959513,1.873,31.601,1.14,1.831,22.408,0.002146262
3 eDNA Pres II,D5,Ethanol,4,1 month,4,Kit,3,2,4047.73094,4047.73,27.346,27.08452352,0.261051814,1.864,31.724,1.14,1.831,22.408,0.002324454
3 eDNA Pres II,D6,Ethanol,4,1 month,4,Kit,3,3,4995.47133,4995.47,27.312,27.08452352,0.227667491,1.794,31.289,1.14,1.831,22.408,0.010080197
3 eDNA Pres II,D7,Ethanol,4,1 month,4,Kit,3,4,4852.46163,4852.46,27.404,27.08452352,0.31902949,1.861,31.422,1.14,1.831,22.408,0.002943061
3 eDNA Pres II,D8,Ethanol,4,1 month,4,Kit,3,5,4505.53419,4505.53,27.316,27.08452352,0.231758753,1.858,31.52,1.14,1.831,22.408,0.002910169
3 eDNA Pres II,D9,Ethanol,4,1 month,4,Kit,3,6,4350.14442,4350.14,27.341,27.08452352,0.256201426,1.842,31.578,1.14,1.831,22.408,0.003651847
3 eDNA Pres II,E10,Ethanol,4,1 month,4,Kit,4,7,3977.66149,3977.66,27.552,27.08452352,0.467175166,1.829,31.706,1.14,1.831,22.408,0.004287812
3 eDNA Pres II,E11,Ethanol,4,1 month,4,Kit,4,8,4682.61074,4682.61,27.432,27.08452352,0.347511927,1.895,31.484,1.14,1.831,22.408,0.001591243
3 eDNA Pres II,E12,Ethanol,4,1 month,4,Kit,4,9,4749.0499,4749.05,27.384,27.08452352,0.298985163,1.897,31.504,1.14,1.831,22.408,0.001522172
3 eDNA Pres II,E4,Ethanol,4,1 month,4,Kit,4,1,4280.79488,4280.79,27.32,27.08452352,0.235396067,1.882,31.65,1.14,1.831,22.408,0.001789534
3 eDNA Pres II,E5,Ethanol,4,1 month,4,Kit,4,2,4595.90275,4595.9,27.198,27.08452352,0.113917033,1.821,31.422,1.14,1.831,22.408,0.005776395
3 eDNA Pres II,E6,Ethanol,4,1 month,4,Kit,4,3,4354.08065,4354.08,27.465,27.08452352,0.38017718,1.823,31.59,1.14,1.831,22.408,0.00505278
3 eDNA Pres II,E7,Ethanol,4,1 month,4,Kit,4,4,4475.77052,4475.77,27.466,27.08452352,0.381853739,1.842,31.512,1.14,1.831,22.408,0.003820458
3 eDNA Pres II,E8,Ethanol,4,1 month,4,Kit,4,5,4141.68416,4141.68,27.373,27.08452352,0.287998835,1.853,31.668,1.14,1.831,22.408,0.002901528
3 eDNA Pres II,E9,Ethanol,4,1 month,4,Kit,4,6,4733.36736,4733.37,27.31,27.08452352,0.225775401,1.853,31.435,1.14,1.831,22.408,0.003347032
3 eDNA Pres II,F11,Longmire's,RT,1 month,4,Kit,4,9,8589.74177,8589.74,27.624,27.08452352,0.539717356,1.866,30.454,1.14,1.831,22.408,0.004893325
3 eDNA Pres II,F12,Ethanol,4,1 month,4,Kit,2,7,4141.8816,4141.88,27.331,27.08452352,0.246472041,1.906,31.742,1.14,1.831,22.408,0.00111974
3 eDNA Pres II,G11,Ethanol,4,1 month,4,Kit,2,8,3433.29692,3433.3,27.419,27.08452352,0.334967295,1.859,31.998,1.14,1.831,22.408,0.002120197
3 eDNA Pres II,G12,Ethanol,4,1 month,4,Kit,2,9,3368.78421,3368.78,27.417,27.08452352,0.332239787,1.887,32.072,1.14,1.831,22.408,0.001262138
24 eDNA Pres I and II,C10,Ethanol,4,3 months,13,PCI,1,7,422.841,8456.82,27.396,27.33913294,0.05686706,1.829,36.07,1.14,1.804,22.93,0.000300171
24 eDNA Pres I and II,C11,Ethanol,4,3 months,13,PCI,1,8,153.247,3064.94,27.397,27.33913294,0.05786706,1.828,37.705,1.14,1.804,22.93,0.000112426
24 eDNA Pres I and II,C12,Ethanol,4,3 months,13,PCI,1,9,143.159,2863.18,27.64,27.33913294,0.30086706,1.813,37.871,1.14,1.804,22.93,0.000139805
24 eDNA Pres I and II,C4,Ethanol,4,3 months,13,PCI,1,1,na,na,27.425,27.33913294,0.08586706,na,na,1.14,1.804,22.93,#VALUE!
24 eDNA Pres I and II,C5,Ethanol,4,3 months,13,PCI,1,2,145.683,2913.66,27.446,27.33913294,0.10686706,1.81,37.859,1.14,1.804,22.93,0.000151071
24 eDNA Pres I and II,C6,Ethanol,4,3 months,13,PCI,1,3,161.478,3229.56,27.357,27.33913294,0.01786706,1.844,37.631,1.14,1.804,22.93,8.50E-05
24 eDNA Pres I and II,C7,Ethanol,4,3 months,13,PCI,1,4,90.99,1819.8,27.478,27.33913294,0.13886706,1.835,38.582,1.14,1.804,22.93,5.71E-05
24 eDNA Pres I and II,C8,Ethanol,4,3 months,13,PCI,1,5,64.1,1282,27.617,27.33913294,0.27786706,1.791,39.159,1.14,1.804,22.93,0.000104271
24 eDNA Pres I and II,C9,Ethanol,4,3 months,13,PCI,1,6,154.405,3088.1,27.588,27.33913294,0.24886706,1.802,37.691,1.14,1.804,22.93,0.000196374
3 eDNA Pres II,F4,Longmire's,RT,3 months,13,PCI,3,1,126.82294,2536.46,30.055,27.08452352,2.969978968,1.869,37.515,1.14,1.831,22.408,5.72E-05
3 eDNA Pres II,F5,Longmire's,RT,3 months,13,PCI,3,2,226.28017,4525.6,29.276,27.08452352,2.191082637,1.908,36.611,1.14,1.831,22.408,4.70E-05
3 eDNA Pres II,F6,Longmire's,RT,3 months,13,PCI,3,3,95.7171,1914.34,30.229,27.08452352,3.144581477,1.827,37.945,1.14,1.831,22.408,0.000102992
3 eDNA Pres II,F7,Longmire's,RT,3 months,13,PCI,3,4,457.14108,9142.82,29.552,27.08452352,2.467049281,1.879,35.387,1.14,1.831,22.408,0.000177468
3 eDNA Pres II,F8,Longmire's,RT,3 months,13,PCI,3,5,167.68345,3353.67,29.725,27.08452352,2.640717189,1.796,36.953,1.14,1.831,22.408,0.000352475
3 eDNA Pres II,F9,Longmire's,RT,3 months,13,PCI,3,6,229.72841,4594.57,30.399,27.08452352,3.314491908,1.782,36.376,1.14,1.831,22.408,0.000659542
3 eDNA Pres II,G10,Longmire's,RT,3 months,13,PCI,1,9,244.75975,4895.2,29.449,27.08452352,2.364002864,1.91,36.456,1.14,1.831,22.408,5.02E-05
3 eDNA Pres II,G2,Longmire's,RT,3 months,13,PCI,1,1,na,na,28.768,27.08452352,1.68300883,na,na,1.14,1.831,22.408,#VALUE!
3 eDNA Pres II,G3,Longmire's,RT,3 months,13,PCI,1,2,na,na,29.472,27.08452352,2.387499491,na,na,1.14,1.831,22.408,#VALUE!
3 eDNA Pres II,G4,Longmire's,RT,3 months,13,PCI,1,3,260.00949,5200.19,28.887,27.08452352,1.802313487,1.876,36.337,1.14,1.831,22.408,0.000103786
3 eDNA Pres II,G5,Longmire's,RT,3 months,13,PCI,1,4,281.54996,5631,28.344,27.08452352,1.259182612,1.828,36.138,1.14,1.831,22.408,0.000300382
3 eDNA Pres II,G6,Longmire's,RT,3 months,13,PCI,1,5,106.60228,2132.05,28.85,27.08452352,1.76588122,1.821,37.73,1.14,1.831,22.408,0.000133405
3 eDNA Pres II,G7,Longmire's,RT,3 months,13,PCI,1,6,16.72735,334.55,29.563,27.08452352,2.478315989,1.794,40.854,1.14,1.831,22.408,3.78E-05
3 eDNA Pres II,G8,Longmire's,RT,3 months,13,PCI,1,7,100.66656,2013.33,28.971,27.08452352,1.886786143,1.82,37.893,1.14,1.831,22.408,0.000121522
3 eDNA Pres II,G9,Longmire's,RT,3 months,13,PCI,1,8,52.43889,1048.78,29.485,27.08452352,2.400519053,1.802,38.954,1.14,1.831,22.408,9.66E-05
3 eDNA Pres II,H1,Longmire's,RT,3 months,13,PCI,2,1,69.18646,1383.73,32.182,27.08452352,5.097067515,1.911,38.592,1.14,1.831,22.408,1.24E-05
3 eDNA Pres II,H2,Longmire's,RT,3 months,13,PCI,2,2,318.61183,6372.24,30.294,27.08452352,3.209055583,1.898,36.04,1.14,1.831,22.408,8.24E-05
3 eDNA Pres II,H3,Longmire's,RT,3 months,13,PCI,2,3,55.03616,1100.72,29.322,27.08452352,2.237553279,1.828,38.922,1.14,1.831,22.408,5.54E-05
3 eDNA Pres II,H4,Longmire's,RT,3 months,13,PCI,2,4,na,na,29.001,27.08452352,1.916086833,na,na,1.14,1.831,22.408,#VALUE!
3 eDNA Pres II,H5,Longmire's,RT,3 months,13,PCI,2,5,70.70715,1414.14,30.005,27.08452352,2.920710246,1.856,38.441,1.14,1.831,22.408,4.17E-05
3 eDNA Pres II,H6,Longmire's,RT,3 months,13,PCI,2,6,57.84745,1156.95,29.194,27.08452352,2.109368006,1.815,38.721,1.14,1.831,22.408,8.28E-05
3 eDNA Pres II,H7,Longmire's,RT,3 months,13,PCI,2,7,252.43286,5048.66,30.058,27.08452352,2.973532359,1.833,36.309,1.14,1.831,22.408,0.00024488
3 eDNA Pres II,H8,Longmire's,RT,3 months,13,PCI,2,8,227.5084,4550.17,30.237,27.08452352,3.152224223,1.864,36.497,1.14,1.831,22.408,0.000117147
3 eDNA Pres II,H9,Longmire's,RT,3 months,13,PCI,2,9,87.7917,1755.83,31.159,27.08452352,4.074623744,1.804,38.064,1.14,1.831,22.408,0.000155311
4 eDNA Pres II,A10,Longmire's,RT,3 months,13,PCI,4,7,na,na,28.661,27.71007792,0.951400121,na,na,1.14,1.801,22.451,#VALUE!
4 eDNA Pres II,A11,Longmire's,RT,3 months,13,PCI,4,8,540.65097,10813.02,29.285,27.71007792,1.574683507,1.844,36.097,1.14,1.801,22.451,0.000158777
4 eDNA Pres II,A12,Longmire's,RT,3 months,13,PCI,4,9,354.74289,7094.86,28.982,27.71007792,1.272092183,1.819,36.862,1.14,1.801,22.451,0.000163186
4 eDNA Pres II,A4,Longmire's,RT,3 months,13,PCI,4,1,na,na,28.962,27.71007792,1.252137502,na,na,1.14,1.801,22.451,#VALUE!
4 eDNA Pres II,A5,Longmire's,RT,3 months,13,PCI,4,2,240.437,4808.74,29.169,27.71007792,1.459410985,1.866,37.568,1.14,1.801,22.451,4.12E-05
4 eDNA Pres II,A6,Longmire's,RT,3 months,13,PCI,4,3,181.53244,3630.65,29.068,27.71007792,1.357877096,1.808,38.033,1.14,1.801,22.451,0.000102949
4 eDNA Pres II,A7,Longmire's,RT,3 months,13,PCI,4,4,176.82499,3536.5,29.104,27.71007792,1.393870672,1.808,38.07,1.14,1.801,22.451,0.000100425
4 eDNA Pres II,A8,Longmire's,RT,3 months,13,PCI,4,5,468.55904,9371.18,29.743,27.71007792,2.033320745,1.794,36.297,1.14,1.801,22.451,0.00038378
4 eDNA Pres II,A9,Longmire's,RT,3 months,13,PCI,4,6,189.15208,3783.04,28.965,27.71007792,1.25521787,1.808,37.968,1.14,1.801,22.451,0.000106263
4 eDNA Pres II,C10,Ethanol,4,3 months,13,PCI,2,6,1818.48579,1818.49,29.326,27.71007792,1.615485509,1.79,33.835,1.14,1.801,22.451,0.001738229
4 eDNA Pres II,C11,Ethanol,4,3 months,13,PCI,2,7,2570.48872,2570.49,29.567,27.71007792,1.857257207,1.818,33.231,1.14,1.801,22.451,0.001460983
4 eDNA Pres II,C12,Ethanol,4,3 months,13,PCI,2,8,1403.86692,1403.87,30.133,27.71007792,2.422456106,1.848,34.366,1.14,1.801,22.451,0.000421783
4 eDNA Pres II,C4,Ethanol,4,3 months,13,PCI,2,1,1847.18543,1847.19,29.391,27.71007792,1.680898031,1.772,33.781,1.14,1.801,22.451,0.002532863
4 eDNA Pres II,C5,Ethanol,4,3 months,13,PCI,2,2,2425.60427,2425.6,29.061,27.71007792,1.351390203,1.812,33.308,1.14,1.801,22.451,0.001575449
4 eDNA Pres II,C6,Ethanol,4,3 months,13,PCI,2,3,1798.01858,1798.02,29.124,27.71007792,1.414182027,1.79,33.85,1.14,1.801,22.451,0.001713329
4 eDNA Pres II,C8,Ethanol,4,3 months,13,PCI,2,4,1416.65479,1416.65,29.49,27.71007792,1.779904683,1.818,34.278,1.14,1.801,22.451,0.000788883
4 eDNA Pres II,C9,Ethanol,4,3 months,13,PCI,2,5,1431.85409,1431.85,29.889,27.71007792,2.178469976,1.815,34.264,1.14,1.801,22.451,0.000837106
4 eDNA Pres II,D10,Ethanol,4,3 months,13,PCI,3,7,534.08724,534.09,31.967,27.71007792,4.256919225,1.794,36.07,1.14,1.801,22.451,0.00043517
4 eDNA Pres II,D11,Ethanol,4,3 months,13,PCI,3,8,360.00443,360,32.569,27.71007792,4.859227498,1.799,36.808,1.14,1.801,22.451,0.000253139
4 eDNA Pres II,D12,Ethanol,4,3 months,13,PCI,3,9,484.15895,484.16,32.137,27.71007792,4.426789602,1.791,36.194,1.14,1.801,22.451,0.000427494
4 eDNA Pres II,D4,Ethanol,4,3 months,13,PCI,3,1,306.25233,306.25,32.141,27.71007792,4.430585225,1.746,37.007,1.14,1.801,22.451,0.000681761
4 eDNA Pres II,D5,Ethanol,4,3 months,13,PCI,3,2,1082.97134,1082.97,30.588,27.71007792,2.878093084,1.777,34.755,1.14,1.801,22.451,0.001306358
4 eDNA Pres II,D6,Ethanol,4,3 months,13,PCI,3,3,1001.87305,1001.87,30.906,27.71007792,3.195729574,1.773,34.872,1.14,1.801,22.451,0.001314166
4 eDNA Pres II,D7,Ethanol,4,3 months,13,PCI,3,4,615.90935,615.91,31.643,27.71007792,3.932729085,1.743,35.706,1.14,1.801,22.451,0.001498972
4 eDNA Pres II,D8,Ethanol,4,3 months,13,PCI,3,5,373.86492,373.86,31.926,27.71007792,4.216275533,1.794,36.654,1.14,1.801,22.451,0.000307782
4 eDNA Pres II,D9,Ethanol,4,3 months,13,PCI,3,6,455.38318,455.38,31.912,27.71007792,4.201785405,1.796,36.3,1.14,1.801,22.451,0.000364668
4 eDNA Pres II,E10,Ethanol,4,3 months,13,PCI,4,7,3806.49697,3806.5,28.517,27.71007792,0.807418187,1.818,32.505,1.14,1.801,22.451,0.002284918
4 eDNA Pres II,E11,Ethanol,4,3 months,13,PCI,4,8,5184.67883,5184.68,28.455,27.71007792,0.745093664,1.789,31.939,1.14,1.801,22.451,0.005335693
4 eDNA Pres II,E12,Ethanol,4,3 months,13,PCI,4,9,4165.36303,4165.36,28.799,27.71007792,1.088960012,1.766,32.301,1.14,1.801,22.451,0.006484975
4 eDNA Pres II,E4,Ethanol,4,3 months,13,PCI,4,1,3636.44958,3636.45,28.38,27.71007792,0.669801076,1.823,32.569,1.14,1.801,22.451,0.001977247
4 eDNA Pres II,E5,Ethanol,4,3 months,13,PCI,4,2,3801.87039,3801.87,28.396,27.71007792,0.685933431,1.81,32.491,1.14,1.801,22.451,0.002632686
4 eDNA Pres II,E6,Ethanol,4,3 months,13,PCI,4,3,4380.87108,4380.87,28.473,27.71007792,0.763139089,1.781,32.193,1.14,1.801,22.451,0.005312645
4 eDNA Pres II,E7,Ethanol,4,3 months,13,PCI,4,4,3362.05703,3362.06,28.828,27.71007792,1.117709478,1.797,32.673,1.14,1.801,22.451,0.003019564
4 eDNA Pres II,E8,Ethanol,4,3 months,13,PCI,4,5,3593.47509,3593.48,28.859,27.71007792,1.148675283,1.782,32.534,1.14,1.801,22.451,0.004283096
4 eDNA Pres II,E9,Ethanol,4,3 months,13,PCI,4,6,3390.65911,3390.66,28.646,27.71007792,0.936024984,1.818,32.701,1.14,1.801,22.451,0.002032569
4 eDNA Pres II,F11,Longmire's,RT,3 months,13,PCI,3,7,714.78728,14295.75,29.168,27.71007792,1.457921346,1.893,35.665,1.14,1.801,22.451,8.07E-05
4 eDNA Pres II,F12,Ethanol,4,3 months,13,PCI,2,9,1506.33219,1506.33,29.809,27.71007792,2.099257787,1.831,34.216,1.14,1.801,22.451,0.000638618
4 eDNA Pres II,F4,Longmire's,RT,3 months,13,Kit,3,1,12980.80198,12980.8,27.836,27.71007792,0.125760396,1.808,30.281,1.14,1.801,22.451,0.010044394
4 eDNA Pres II,F5,Longmire's,RT,3 months,13,Kit,3,2,13044.33867,13044.34,27.802,27.71007792,0.0922273,1.803,30.245,1.14,1.801,22.451,0.011269755
4 eDNA Pres II,F6,Longmire's,RT,3 months,13,Kit,3,3,13460.77118,13460.77,27.883,27.71007792,0.172931035,1.822,30.226,1.14,1.801,22.451,0.008336245
4 eDNA Pres II,F7,Longmire's,RT,3 months,13,Kit,3,4,12889.4113,12889.41,27.932,27.71007792,0.222331365,1.813,30.305,1.14,1.801,22.451,0.009212825
4 eDNA Pres II,F8,Longmire's,RT,3 months,13,Kit,3,5,13116.04958,13116.05,27.802,27.71007792,0.09238561,1.832,30.284,1.14,1.801,22.451,0.006765073
4 eDNA Pres II,F9,Longmire's,RT,3 months,13,Kit,3,6,14110.49254,14110.49,27.913,27.71007792,0.202840169,1.811,30.128,1.14,1.801,22.451,0.010564593
4 eDNA Pres II,G10,Longmire's,RT,3 months,13,Kit,1,9,14062.83677,14062.84,27.9,27.71007792,0.189732869,1.813,30.166,1.14,1.801,22.451,0.009962949
4 eDNA Pres II,G11,Longmire's,RT,3 months,13,PCI,3,8,466.96572,9339.31,29.334,27.71007792,1.623936971,1.879,36.374,1.14,1.801,22.451,6.70E-05
4 eDNA Pres II,G12,Longmire's,RT,3 months,13,PCI,3,9,623.05434,12461.09,29.649,27.71007792,1.939339956,1.846,35.87,1.14,1.801,22.451,0.000176688
4 eDNA Pres II,G2,Longmire's,RT,3 months,13,Kit,1,1,12135.97786,12135.98,27.7,27.71007792,-0.009928385,1.819,30.464,1.14,1.801,22.451,0.00750259
4 eDNA Pres II,G3,Longmire's,RT,3 months,13,Kit,1,2,12680.90028,12680.9,27.893,27.71007792,0.182952245,1.837,30.363,1.14,1.801,22.451,0.005938632
4 eDNA Pres II,G4,Longmire's,RT,3 months,13,Kit,1,3,12836.46002,12836.46,27.844,27.71007792,0.13359197,1.832,30.349,1.14,1.801,22.451,0.00652595
4 eDNA Pres II,G5,Longmire's,RT,3 months,13,Kit,1,4,15033.74521,15033.75,27.945,27.71007792,0.235085805,1.804,30.057,1.14,1.801,22.451,0.012272886
4 eDNA Pres II,G6,Longmire's,RT,3 months,13,Kit,1,5,14244.78926,14244.79,27.988,27.71007792,0.277814229,1.816,30.17,1.14,1.801,22.451,0.009438313
4 eDNA Pres II,G7,Longmire's,RT,3 months,13,Kit,1,6,13871.0551,13871.06,27.794,27.71007792,0.084397634,1.796,30.178,1.14,1.801,22.451,0.013080449
4 eDNA Pres II,G8,Longmire's,RT,3 months,13,Kit,1,7,14146.03461,14146.03,27.996,27.71007792,0.286401113,1.816,30.153,1.14,1.801,22.451,0.009486634
4 eDNA Pres II,G9,Longmire's,RT,3 months,13,Kit,1,8,14704.50219,14704.5,27.718,27.71007792,0.008241018,1.822,30.098,1.14,1.801,22.451,0.008941081
4 eDNA Pres II,H1,Longmire's,RT,3 months,13,Kit,2,1,13662.93989,13662.94,27.907,27.71007792,0.196845373,1.857,30.303,1.14,1.801,22.451,0.004421789
4 eDNA Pres II,H2,Longmire's,RT,3 months,13,Kit,2,2,13058.53389,13058.53,27.985,27.71007792,0.274463018,1.787,30.263,1.14,1.801,22.451,0.014683667
4 eDNA Pres II,H3,Longmire's,RT,3 months,13,Kit,2,3,13740.78821,13740.79,28.113,27.71007792,0.403298696,1.834,30.232,1.14,1.801,22.451,0.006768475
4 eDNA Pres II,H4,Longmire's,RT,3 months,13,Kit,2,4,14114.59688,14114.6,28.054,27.71007792,0.343835195,1.816,30.177,1.14,1.801,22.451,0.009485513
4 eDNA Pres II,H5,Longmire's,RT,3 months,13,Kit,2,5,15827.80108,15827.8,28.145,27.71007792,0.435080846,1.8,29.959,1.14,1.801,22.451,0.0139235
4 eDNA Pres II,H6,Longmire's,RT,3 months,13,Kit,2,6,12507.23936,12507.24,27.961,27.71007792,0.250914892,1.824,30.364,1.14,1.801,22.451,0.007425593
4 eDNA Pres II,H7,Longmire's,RT,3 months,13,Kit,2,7,14349.04058,14349.04,28.122,27.71007792,0.412013372,1.803,30.113,1.14,1.801,22.451,0.012177822
4 eDNA Pres II,H8,Longmire's,RT,3 months,13,Kit,2,8,13556.45619,13556.46,27.967,27.71007792,0.256650289,1.812,30.225,1.14,1.801,22.451,0.009790791
4 eDNA Pres II,H9,Longmire's,RT,3 months,13,Kit,2,9,15418.93557,15418.94,27.984,27.71007792,0.274089177,1.812,30.017,1.14,1.801,22.451,0.011048985
5 eDNA Pres II,A10,Longmire's,RT,3 months,13,Kit,4,7,10525.9968,10526,28.063,27.58591715,0.476920446,1.871,30.152,1.14,1.847,22.403,0.006703596
5 eDNA Pres II,A11,Longmire's,RT,3 months,13,Kit,4,8,12564.71127,12564.71,27.972,27.58591715,0.386298498,1.839,29.897,1.14,1.847,22.403,0.013164255
5 eDNA Pres II,A12,Longmire's,RT,3 months,13,Kit,4,9,12038.84836,12038.85,28.159,27.58591715,0.573088964,1.865,30.009,1.14,1.847,22.403,0.007981957
5 eDNA Pres II,A4,Longmire's,RT,3 months,13,Kit,4,1,8000.02087,8000.02,27.701,27.58591715,0.115378698,1.856,30.538,1.14,1.847,22.403,0.00663833
5 eDNA Pres II,A5,Longmire's,RT,3 months,13,Kit,4,2,9517.09412,9517.09,27.819,27.58591715,0.23342069,1.843,30.265,1.14,1.847,22.403,0.009815997
5 eDNA Pres II,A6,Longmire's,RT,3 months,13,Kit,4,3,8724.84781,8724.85,27.791,27.58591715,0.205043157,1.836,30.378,1.14,1.847,22.403,0.010184645
5 eDNA Pres II,A7,Longmire's,RT,3 months,13,Kit,4,4,8405.5746,8405.57,27.626,27.58591715,0.04034551,1.867,30.446,1.14,1.847,22.403,0.005928931
5 eDNA Pres II,A8,Longmire's,RT,3 months,13,Kit,4,5,10410.94866,10410.95,27.897,27.58591715,0.311297735,1.81,30.098,1.14,1.847,22.403,0.018527384
5 eDNA Pres II,A9,Longmire's,RT,3 months,13,Kit,4,6,12031.75727,12031.76,27.809,27.58591715,0.223206838,1.815,29.889,1.14,1.847,22.403,0.019498161
5 eDNA Pres II,B10,Ethanol,4,3 months,13,Kit,1,6,4751.90766,4751.91,27.919,27.58591715,0.332682927,1.87,31.349,1.14,1.847,22.403,0.003185323
5 eDNA Pres II,B11,Ethanol,4,3 months,13,Kit,1,7,4285.93298,4285.93,27.831,27.58591715,0.244902929,1.888,31.553,1.14,1.847,22.403,0.002078967
5 eDNA Pres II,B12,Ethanol,4,3 months,13,Kit,1,8,4265.47136,4265.47,27.849,27.58591715,0.262952169,1.891,31.591,1.14,1.847,22.403,0.001938516
5 eDNA Pres II,B4,Ethanol,4,3 months,13,Kit,1,1,3669.48871,3669.49,27.557,27.58591715,-0.028790156,1.884,31.753,1.14,1.847,22.403,0.001950273
5 eDNA Pres II,B5,Ethanol,4,3 months,13,Kit,1,2,4511.63342,4511.63,27.733,27.58591715,0.146668752,1.807,31.362,1.14,1.847,22.403,0.009282829
5 eDNA Pres II,B6,Ethanol,4,3 months,13,Kit,1,3,4811.69811,4811.7,27.797,27.58591715,0.211474737,1.856,31.324,1.14,1.847,22.403,0.004091963
5 eDNA Pres II,B8,Ethanol,4,3 months,13,Kit,1,4,4109.82314,4109.82,27.953,27.58591715,0.367230733,1.867,31.575,1.14,1.847,22.403,0.002930955
5 eDNA Pres II,B9,Ethanol,4,3 months,13,Kit,1,5,4164.36233,4164.36,27.898,27.58591715,0.311629613,1.857,31.536,1.14,1.847,22.403,0.003553851
5 eDNA Pres II,C10,Ethanol,4,3 months,13,Kit,2,7,4241.61274,4241.61,27.973,27.58591715,0.386628469,1.849,31.514,1.14,1.847,22.403,0.004107893
5 eDNA Pres II,C11,Ethanol,4,3 months,13,Kit,2,8,4831.38394,4831.38,27.945,27.58591715,0.359326681,1.867,31.349,1.14,1.847,22.403,0.003337338
5 eDNA Pres II,C12,Ethanol,4,3 months,13,Kit,2,9,4032.81441,4032.81,27.759,27.58591715,0.173436483,1.877,31.662,1.14,1.847,22.403,0.00233574
5 eDNA Pres II,C4,Ethanol,4,3 months,13,Kit,2,1,3994.5771,3994.58,27.552,27.58591715,-0.034277598,1.838,31.573,1.14,1.847,22.403,0.004797957
5 eDNA Pres II,C5,Ethanol,4,3 months,13,Kit,2,2,4012.72997,4012.73,27.704,27.58591715,0.11843427,1.855,31.604,1.14,1.847,22.403,0.003534264
5 eDNA Pres II,C6,Ethanol,4,3 months,13,Kit,2,3,4612.04536,4612.05,27.704,27.58591715,0.117822011,1.838,31.356,1.14,1.847,22.403,0.005471917
5 eDNA Pres II,C7,Ethanol,4,3 months,13,Kit,2,4,4391.78525,4391.79,27.803,27.58591715,0.216925939,1.859,31.444,1.14,1.847,22.403,0.003653272
5 eDNA Pres II,C8,Ethanol,4,3 months,13,Kit,2,5,4528.83542,4528.84,27.772,27.58591715,0.18585523,1.834,31.384,1.14,1.847,22.403,0.005723387
5 eDNA Pres II,C9,Ethanol,4,3 months,13,Kit,2,6,4733.73011,4733.73,27.763,27.58591715,0.177460988,1.828,31.314,1.14,1.847,22.403,0.006628183
5 eDNA Pres II,D10,Ethanol,4,3 months,13,Kit,3,7,5977.56589,5977.57,27.983,27.58591715,0.39669927,1.813,30.966,1.14,1.847,22.403,0.010511659
5 eDNA Pres II,D11,Ethanol,4,3 months,13,Kit,3,8,6184.77492,6184.77,27.828,27.58591715,0.24195989,1.855,30.969,1.14,1.847,22.403,0.005214622
5 eDNA Pres II,D12,Ethanol,4,3 months,13,Kit,3,9,4826.49077,4826.49,27.654,27.58591715,0.067725499,1.859,31.327,1.14,1.847,22.403,0.003875147
5 eDNA Pres II,D4,Ethanol,4,3 months,13,Kit,3,1,4018.92839,4018.93,27.704,27.58591715,0.118293126,1.848,31.597,1.14,1.847,22.403,0.003951902
5 eDNA Pres II,D5,Ethanol,4,3 months,13,Kit,3,2,5437.19577,5437.2,27.866,27.58591715,0.280272802,1.815,31.101,1.14,1.847,22.403,0.009465095
5 eDNA Pres II,D6,Ethanol,4,3 months,13,Kit,3,3,5909.74698,5909.75,27.641,27.58591715,0.05524381,1.809,30.977,1.14,1.847,22.403,0.01134129
5 eDNA Pres II,D7,Ethanol,4,3 months,13,Kit,3,4,5103.3562,5103.36,27.825,27.58591715,0.238683065,1.839,31.216,1.14,1.847,22.403,0.005809071
5 eDNA Pres II,D8,Ethanol,4,3 months,13,Kit,3,5,4884.9429,4884.94,27.691,27.58591715,0.104886373,1.842,31.277,1.14,1.847,22.403,0.0053574
5 eDNA Pres II,D9,Ethanol,4,3 months,13,Kit,3,6,5733.21152,5733.21,27.883,27.58591715,0.29739507,1.816,31.023,1.14,1.847,22.403,0.009766969
5 eDNA Pres II,E10,Ethanol,4,3 months,13,Kit,4,7,5968.82543,5968.83,27.69,27.58591715,0.104367574,1.816,30.989,1.14,1.847,22.403,0.009954576
5 eDNA Pres II,E11,Ethanol,4,3 months,13,Kit,4,8,5490.73145,5490.73,27.743,27.58591715,0.157580694,1.866,31.138,1.14,1.847,22.403,0.003887308
5 eDNA Pres II,E12,Ethanol,4,3 months,13,Kit,4,9,6276.12742,6276.13,27.846,27.58591715,0.259723028,1.869,30.981,1.14,1.847,22.403,0.004118816
5 eDNA Pres II,E4,Ethanol,4,3 months,13,Kit,4,1,5233.51133,5233.51,27.502,27.58591715,-0.083447138,1.826,31.182,1.14,1.847,22.403,0.007501363
5 eDNA Pres II,E5,Ethanol,4,3 months,13,Kit,4,2,6227.74195,6227.74,27.736,27.58591715,0.150098165,1.831,30.942,1.14,1.847,22.403,0.007874472
5 eDNA Pres II,E6,Ethanol,4,3 months,13,Kit,4,3,5392.17982,5392.18,27.661,27.58591715,0.075209936,1.817,31.128,1.14,1.847,22.403,0.008917016
5 eDNA Pres II,E7,Ethanol,4,3 months,13,Kit,4,4,5109.00235,5109,27.705,27.58591715,0.118958791,1.862,31.238,1.14,1.847,22.403,0.00389321
5 eDNA Pres II,E8,Ethanol,4,3 months,13,Kit,4,5,7128.05288,7128.05,27.78,27.58591715,0.194295247,1.869,30.728,1.14,1.847,22.403,0.004793541
5 eDNA Pres II,E9,Ethanol,4,3 months,13,Kit,4,6,5631.68246,5631.68,27.844,27.58591715,0.258492788,1.832,31.094,1.14,1.847,22.403,0.007107562
5 eDNA Pres II,F11,Longmire's,RT,3 months,13,Kit,3,7,7463.01608,7463.02,27.5,27.58591715,-0.086167018,1.905,30.672,1.14,1.847,22.403,0.002757109
5 eDNA Pres II,F12,Ethanol,4,3 months,13,Kit,1,9,6429.49156,6429.49,28.048,27.58591715,0.461797078,1.877,30.965,1.14,1.847,22.403,0.003632666
5 eDNA Pres II,G11,Longmire's,RT,3 months,13,Kit,3,8,8112.9428,8112.94,27.52,27.58591715,-0.066048304,1.813,30.426,1.14,1.847,22.403,0.01452342
5 eDNA Pres II,G12,Longmire's,RT,3 months,13,Kit,3,9,8317.9567,8317.96,27.591,27.58591715,0.005566915,1.848,30.468,1.14,1.847,22.403,0.007893165
6 eDNA Pres II,A10,Longmire's,RT,6 months,26,PCI,1,7,149.05022,2981,32.007,27.91003672,4.097050985,1.919,36.606,1.14,1.803,22.162,2.36E-05
6 eDNA Pres II,A11,Longmire's,RT,6 months,26,PCI,1,8,206.5149,4130.3,31.389,27.91003672,3.47907575,1.89,36.077,1.14,1.803,22.162,5.66E-05
6 eDNA Pres II,A12,Longmire's,RT,6 months,26,PCI,1,9,61.36364,1227.27,31.267,27.91003672,3.356973012,1.975,38.089,1.14,1.803,22.162,2.96E-06
6 eDNA Pres II,A4,Longmire's,RT,6 months,26,PCI,1,1,61.28436,1225.69,29.955,27.91003672,2.044890722,1.818,37.912,1.14,1.803,22.162,7.69E-05
6 eDNA Pres II,A5,Longmire's,RT,6 months,26,PCI,1,2,122.30511,2446.1,30.142,27.91003672,2.232329686,1.799,36.814,1.14,1.803,22.162,0.000221645
6 eDNA Pres II,A6,Longmire's,RT,6 months,26,PCI,1,3,60.67108,1213.42,29.87,27.91003672,1.959872564,1.842,37.962,1.14,1.803,22.162,4.54E-05
6 eDNA Pres II,A7,Longmire's,RT,6 months,26,PCI,1,4,262.50977,5250.2,30.044,27.91003672,2.134154638,1.911,35.659,1.14,1.803,22.162,4.98E-05
6 eDNA Pres II,A8,Longmire's,RT,6 months,26,PCI,1,5,187.5958,3751.92,30.195,27.91003672,2.284829458,1.87,36.186,1.14,1.803,22.162,7.82E-05
6 eDNA Pres II,A9,Longmire's,RT,6 months,26,PCI,1,6,na,na,32.124,27.91003672,4.214143117,na,na,1.14,1.803,22.162,#VALUE!
6 eDNA Pres II,B10,Longmire's,RT,6 months,26,PCI,2,6,167.53997,3350.8,30.402,27.91003672,2.49195989,1.931,36.409,1.14,1.803,22.162,2.12E-05
6 eDNA Pres II,B11,Longmire's,RT,6 months,26,PCI,2,7,186.91522,3738.3,29.969,27.91003672,2.059453328,1.917,36.201,1.14,1.803,22.162,3.15E-05
6 eDNA Pres II,B12,Longmire's,RT,6 months,26,PCI,2,8,123.74023,2474.8,30.002,27.91003672,2.091784795,1.899,36.903,1.14,1.803,22.162,2.81E-05
6 eDNA Pres II,B4,Longmire's,RT,6 months,26,PCI,2,1,308.40214,6168.04,29.346,27.91003672,1.436009725,1.867,35.377,1.14,1.803,22.162,0.000137984
6 eDNA Pres II,B5,Longmire's,RT,6 months,26,PCI,2,2,304.29263,6085.85,29.029,27.91003672,1.119305929,1.885,35.394,1.14,1.803,22.162,9.75E-05
6 eDNA Pres II,B6,Longmire's,RT,6 months,26,PCI,2,3,101.48087,2029.62,29.452,27.91003672,1.541524251,1.849,37.14,1.14,1.803,22.162,6.50E-05
6 eDNA Pres II,B8,Longmire's,RT,6 months,26,PCI,2,4,65.60818,1312.16,29.239,27.91003672,1.328866323,1.858,37.883,1.14,1.803,22.162,3.48E-05
6 eDNA Pres II,B9,Longmire's,RT,6 months,26,PCI,2,5,409.06653,8181.33,29.249,27.91003672,1.339137395,1.865,34.953,1.14,1.803,22.162,0.000185433
6 eDNA Pres II,C10,Longmire's,RT,6 months,26,PCI,3,7,93.96976,1879.4,30.719,27.91003672,1.339137395,1.903,37.315,1.14,1.803,22.162,2.00E-05
6 eDNA Pres II,C11,Longmire's,RT,6 months,26,PCI,3,8,171.5047,3430.09,30.972,27.91003672,3.061883291,1.907,36.335,1.14,1.803,22.162,3.47E-05
6 eDNA Pres II,C12,Longmire's,RT,6 months,26,PCI,3,9,61.47959,1229.59,31.094,27.91003672,3.183867772,1.878,38.015,1.14,1.803,22.162,2.14E-05
6 eDNA Pres II,C4,Longmire's,RT,6 months,26,PCI,3,1,173.4707,3469.41,29.687,27.91003672,1.77704366,1.794,36.19,1.14,1.803,22.162,0.000350423
6 eDNA Pres II,C5,Longmire's,RT,6 months,26,PCI,3,2,297.90812,5958.16,29.619,27.91003672,1.708773931,1.865,35.411,1.14,1.803,22.162,0.000139361
6 eDNA Pres II,C6,Longmire's,RT,6 months,26,PCI,3,3,31.08638,621.73,29.933,27.91003672,2.022622426,1.834,39.01,1.14,1.803,22.162,2.84E-05
6 eDNA Pres II,C7,Longmire's,RT,6 months,26,PCI,3,4,166.54728,3330.95,31.039,27.91003672,3.129256566,1.875,36.325,1.14,1.803,22.162,6.47E-05
6 eDNA Pres II,C8,Longmire's,RT,6 months,26,PCI,3,5,164.47295,3289.46,29.412,27.91003672,1.502129873,1.869,36.361,1.14,1.803,22.162,7.20E-05
6 eDNA Pres II,C9,Longmire's,RT,6 months,26,PCI,3,6,145.9285,2918.57,31.351,27.91003672,3.440802892,1.836,36.501,1.14,1.803,22.162,0.000125286
6 eDNA Pres II,D10,Longmire's,RT,6 months,26,PCI,4,7,90.82453,1816.49,30.836,27.91003672,2.926228841,1.896,37.365,1.14,1.803,22.162,2.23E-05
6 eDNA Pres II,D11,Longmire's,RT,6 months,26,PCI,4,8,133.76448,2675.29,30.795,27.91003672,2.884499868,1.908,36.75,1.14,1.803,22.162,2.61E-05
6 eDNA Pres II,D12,Longmire's,RT,6 months,26,PCI,4,9,97.62175,1952.44,31.146,27.91003672,3.236001333,1.917,37.272,1.14,1.803,22.162,1.57E-05
6 eDNA Pres II,D4,Longmire's,RT,6 months,26,PCI,4,1,40.10077,802.02,30.391,27.91003672,2.480983098,1.84,38.564,1.14,1.803,22.162,3.29E-05
6 eDNA Pres II,D5,Longmire's,RT,6 months,26,PCI,4,2,124.49919,2489.98,29.919,27.91003672,2.008628209,1.832,36.832,1.14,1.803,22.162,0.000110591
6 eDNA Pres II,D6,Longmire's,RT,6 months,26,PCI,4,3,88.93824,1778.76,30.144,27.91003672,2.234124502,1.832,37.316,1.14,1.803,22.162,8.25E-05
6 eDNA Pres II,D7,Longmire's,RT,6 months,26,PCI,4,4,163.35862,3267.17,30.449,27.91003672,2.538846334,1.846,36.362,1.14,1.803,22.162,0.000111571
6 eDNA Pres II,D8,Longmire's,RT,6 months,26,PCI,4,5,63.21041,1264.21,30.112,27.91003672,2.201672872,1.851,37.915,1.14,1.803,22.162,3.93E-05
6 eDNA Pres II,D9,Longmire's,RT,6 months,26,PCI,4,6,104.28925,2085.79,30.225,27.91003672,2.314727147,1.853,37.095,1.14,1.803,22.162,6.28E-05
6 eDNA Pres II,E10,Longmire's,RT,6 months,26,Kit,1,7,7971.96943,7971.97,28.233,27.91003672,0.322728475,1.821,30.145,1.14,1.803,22.162,0.007606774
6 eDNA Pres II,E11,Longmire's,RT,6 months,26,Kit,1,8,6876.20975,6876.21,28.225,27.91003672,0.315327962,1.815,30.333,1.14,1.803,22.162,0.007503993
6 eDNA Pres II,E12,Longmire's,RT,6 months,26,Kit,1,9,6780.56339,6780.56,28.104,27.91003672,0.193944295,1.869,30.414,1.14,1.803,22.162,0.002957072
6 eDNA Pres II,E4,Longmire's,RT,6 months,26,Kit,1,1,7447.16637,7447.17,28.188,27.91003672,0.278132757,1.799,30.203,1.14,1.803,22.162,0.010685324
6 eDNA Pres II,E5,Longmire's,RT,6 months,26,Kit,1,2,6538.55829,6538.56,28.023,27.91003672,0.113227208,1.808,30.39,1.14,1.803,22.162,0.008219833
6 eDNA Pres II,E6,Longmire's,RT,6 months,26,Kit,1,3,7124.09569,7124.1,28.105,27.91003672,0.194537481,1.82,30.288,1.14,1.803,22.162,0.00712724
6 eDNA Pres II,E7,Longmire's,RT,6 months,26,Kit,1,4,6655.29212,6655.29,28.181,27.91003672,0.270642598,1.825,30.418,1.14,1.803,22.162,0.006083439
6 eDNA Pres II,E8,Longmire's,RT,6 months,26,Kit,1,5,6325.85026,6325.85,28.194,27.91003672,0.284365972,1.85,30.493,1.14,1.803,22.162,0.003857005
6 eDNA Pres II,E9,Longmire's,RT,6 months,26,Kit,1,6,8122.9955,8123,28.497,27.91003672,0.58722051,1.815,30.103,1.14,1.803,22.162,0.008626901
6 eDNA Pres II,F12,Longmire's,RT,6 months,26,PCI,2,9,247.12645,4942.53,30.045,27.91003672,2.134810766,1.884,35.726,1.14,1.803,22.162,8.07E-05
6 eDNA Pres II,F4,Longmire's,RT,6 months,26,Kit,4,1,4229.30997,4229.31,28.157,27.91003672,0.247342428,1.837,31.162,1.14,1.803,22.162,0.003150867
6 eDNA Pres II,F5,Longmire's,RT,6 months,26,Kit,4,2,5113.13509,5113.14,28.132,27.91003672,0.221747716,1.822,30.877,1.14,1.803,22.162,0.00487705
6 eDNA Pres II,F6,Longmire's,RT,6 months,26,Kit,4,3,4746.43288,4746.43,27.936,27.91003672,0.025822957,1.851,31.015,1.14,1.803,22.162,0.002717843
6 eDNA Pres II,F7,Longmire's,RT,6 months,26,Kit,4,4,5106.68801,5106.69,28.049,27.91003672,0.138808568,1.814,30.849,1.14,1.803,22.162,0.005618735
6 eDNA Pres II,F8,Longmire's,RT,6 months,26,Kit,4,5,4590.692,4590.69,28.117,27.91003672,0.206830343,1.818,31.023,1.14,1.803,22.162,0.004734686
6 eDNA Pres II,F9,Longmire's,RT,6 months,26,Kit,4,6,4814.27135,4814.27,28.055,27.91003672,0.144769033,1.828,30.959,1.14,1.803,22.162,0.004153462
6 eDNA Pres II,G10,Longmire's,RT,6 months,26,Kit,2,9,8877.29973,8877.3,28.313,27.91003672,0.403159459,1.822,29.981,1.14,1.803,22.162,0.0082793
6 eDNA Pres II,G11,Longmire's,RT,6 months,26,Kit,4,7,5030.2255,5030.23,28.208,27.91003672,0.297581991,1.827,30.886,1.14,1.803,22.162,0.004392216
6 eDNA Pres II,G12,Longmire's,RT,6 months,26,Kit,4,8,4749.93838,4749.94,28.131,27.91003672,0.220969518,1.828,30.996,1.14,1.803,22.162,0.004106978
6 eDNA Pres II,G2,Longmire's,RT,6 months,26,Kit,2,1,9804.30562,9804.31,28.384,27.91003672,0.473466237,1.81,29.823,1.14,1.803,22.162,0.011115244
6 eDNA Pres II,G3,Longmire's,RT,6 months,26,Kit,2,2,9646.07764,9646.08,28.16,27.91003672,0.250171026,1.831,29.847,1.14,1.803,22.162,0.007740071
6 eDNA Pres II,G4,Longmire's,RT,6 months,26,Kit,2,3,9232.99603,9233,28.332,27.91003672,0.421538671,1.813,29.921,1.14,1.803,22.162,0.009942997
6 eDNA Pres II,G5,Longmire's,RT,6 months,26,Kit,2,4,8918.12053,8918.12,28.264,27.91003672,0.354192098,1.818,29.971,1.14,1.803,22.162,0.008954341
6 eDNA Pres II,G6,Longmire's,RT,6 months,26,Kit,2,5,8656.6871,8656.69,28.262,27.91003672,0.352393468,1.813,29.996,1.14,1.803,22.162,0.009603007
6 eDNA Pres II,G7,Longmire's,RT,6 months,26,Kit,2,6,6923.9093,6923.91,28.42,27.91003672,0.510051092,1.822,30.328,1.14,1.803,22.162,0.006762568
6 eDNA Pres II,G8,Longmire's,RT,6 months,26,Kit,2,7,7307.55366,7307.55,28.202,27.91003672,0.292067846,1.799,30.248,1.14,1.803,22.162,0.010363773
6 eDNA Pres II,G9,Longmire's,RT,6 months,26,Kit,2,8,8569.95583,8569.96,28.399,27.91003672,0.489230474,1.829,30.042,1.14,1.803,22.162,0.007098813
6 eDNA Pres II,H1,Longmire's,RT,6 months,26,Kit,3,1,6206.5688,6206.57,28.497,27.91003672,0.586703618,1.831,30.522,1.14,1.803,22.162,0.005120758
6 eDNA Pres II,H2,Longmire's,RT,6 months,26,Kit,3,2,6478.19368,6478.19,28.457,27.91003672,0.54676946,1.866,30.524,1.14,1.803,22.162,0.002904821
6 eDNA Pres II,H3,Longmire's,RT,6 months,26,Kit,3,3,6589.46345,6589.46,28.361,27.91003672,0.45137914,1.702,30.163,1.14,1.803,22.162,0.058052361
6 eDNA Pres II,H4,Longmire's,RT,6 months,26,Kit,3,4,7734.94411,7734.94,28.499,27.91003672,0.588614782,1.847,30.202,1.14,1.803,22.162,0.004835362
6 eDNA Pres II,H5,Longmire's,RT,6 months,26,Kit,3,5,6237.01699,6237.02,28.186,27.91003672,0.275771459,1.84,30.518,1.14,1.803,22.162,0.004468443
6 eDNA Pres II,H6,Longmire's,RT,6 months,26,Kit,3,6,7362.19343,7362.19,28.317,27.91003672,0.407027562,1.807,30.23,1.14,1.803,22.162,0.009211935
6 eDNA Pres II,H7,Longmire's,RT,6 months,26,Kit,3,7,6122.70925,6122.71,28.297,27.91003672,0.386725744,1.831,30.536,1.14,1.803,22.162,0.005133027
6 eDNA Pres II,H8,Longmire's,RT,6 months,26,Kit,3,8,6372.10626,6372.11,28.503,27.91003672,0.592503866,1.812,30.447,1.14,1.803,22.162,0.007366001
6 eDNA Pres II,H9,Longmire's,RT,6 months,26,Kit,3,9,6584.15118,6584.15,28.371,27.91003672,0.460872014,1.829,30.433,1.14,1.803,22.162,0.005642678
7 eDNA Pres II,A10,Ethanol,4,6 months,26,PCI,1,7,456.03511,912.07,28.088,27.31101163,0.776762644,1.836,35.07,1.14,1.861,22.595,0.000789891
7 eDNA Pres II,A11,Ethanol,4,6 months,26,PCI,1,8,136.02503,272.05,29.681,27.31101163,2.369547526,1.837,37.009,1.14,1.861,22.595,0.000238215
7 eDNA Pres II,A12,Ethanol,4,6 months,26,PCI,1,9,169.0808,338.16,29.096,27.31101163,1.78523318,1.892,36.657,1.14,1.861,22.595,9.94E-05
7 eDNA Pres II,A4,Ethanol,4,6 months,26,PCI,1,1,335.53728,671.07,28.251,27.31101163,0.940249125,1.895,35.62,1.14,1.861,22.595,0.000183692
7 eDNA Pres II,A5,Ethanol,4,6 months,26,PCI,1,2,359.52198,719.04,28.205,27.31101163,0.893934886,1.917,35.492,1.14,1.861,22.595,0.000133077
7 eDNA Pres II,A6,Ethanol,4,6 months,26,PCI,1,3,837.82017,1675.64,28.25,27.31101163,0.938654582,1.847,34.115,1.14,1.861,22.595,0.00115587
7 eDNA Pres II,A7,Ethanol,4,6 months,26,PCI,1,4,743.94373,1487.89,28.04,27.31101163,0.728806178,1.844,34.276,1.14,1.861,22.595,0.001106085
7 eDNA Pres II,A8,Ethanol,4,6 months,26,PCI,1,5,597.86654,1195.73,28.156,27.31101163,0.844830195,1.894,34.68,1.14,1.861,22.595,0.000339146
7 eDNA Pres II,A9,Ethanol,4,6 months,26,PCI,1,6,760.27279,1520.55,28.152,27.31101163,0.841486613,1.844,34.255,1.14,1.861,22.595,0.00111205
7 eDNA Pres II,B10,Ethanol,4,6 months,26,Kit,1,6,9294.33387,9294.33,27.922,27.31101163,0.610939662,1.844,30.235,1.14,1.861,22.595,0.013006269
7 eDNA Pres II,B11,Ethanol,4,6 months,26,Kit,1,7,10105.83155,10105.83,27.645,27.31101163,0.333719889,1.836,30.083,1.14,1.861,22.595,0.016367403
7 eDNA Pres II,B12,Ethanol,4,6 months,26,Kit,1,8,7308.57207,7308.57,27.709,27.31101163,0.397778193,1.894,30.701,1.14,1.861,22.595,0.004298556
7 eDNA Pres II,B4,Ethanol,4,6 months,26,Kit,1,1,6439.71516,6439.72,27.591,27.31101163,0.280214945,1.835,30.859,1.14,1.861,22.595,0.010339154
7 eDNA Pres II,B5,Ethanol,4,6 months,26,Kit,1,2,8408.55855,8408.56,27.492,27.31101163,0.18101565,1.824,30.369,1.14,1.861,22.595,0.016725137
7 eDNA Pres II,B6,Ethanol,4,6 months,26,Kit,1,3,7078.26624,7078.27,27.617,27.31101163,0.305517832,1.809,30.609,1.14,1.861,22.595,0.018683445
7 eDNA Pres II,B8,Ethanol,4,6 months,26,Kit,1,4,8717.90573,8717.91,27.643,27.31101163,0.331850688,1.82,30.309,1.14,1.861,22.595,0.018550046
7 eDNA Pres II,B9,Ethanol,4,6 months,26,Kit,1,5,8355.0401,8355.04,27.591,27.31101163,0.331850688,1.832,30.404,1.14,1.861,22.595,0.014289764
7 eDNA Pres II,C10,Ethanol,4,6 months,26,PCI,2,7,884.81116,1769.62,27.662,27.31101163,0.279894511,1.851,34.031,1.14,1.861,22.595,0.001118543
7 eDNA Pres II,C11,Ethanol,4,6 months,26,PCI,2,8,933.27108,1866.54,27.837,27.31101163,0.52556483,1.859,33.95,1.14,1.861,22.595,0.001020956
7 eDNA Pres II,C12,Ethanol,4,6 months,26,PCI,2,9,824.00686,1648.01,28.063,27.31101163,0.751993815,1.863,34.147,1.14,1.861,22.595,0.000834553
7 eDNA Pres II,C4,Ethanol,4,6 months,26,PCI,2,1,913.03844,1826.08,27.762,27.31101163,0.451384226,1.801,33.909,1.14,1.861,22.595,0.003100367
7 eDNA Pres II,C5,Ethanol,4,6 months,26,PCI,2,2,605.80834,1211.62,27.901,27.31101163,0.58973376,1.868,34.604,1.14,1.861,22.595,0.000574876
7 eDNA Pres II,C6,Ethanol,4,6 months,26,PCI,2,3,584.36015,1168.72,27.725,27.31101163,0.413817088,1.859,34.654,1.14,1.861,22.595,0.000662708
7 eDNA Pres II,C7,Ethanol,4,6 months,26,PCI,2,4,992.62758,1985.26,27.54,27.31101163,0.228983561,1.83,33.825,1.14,1.861,22.595,0.001871041
7 eDNA Pres II,C8,Ethanol,4,6 months,26,PCI,2,5,845.22134,1690.44,27.794,27.31101163,0.483009974,1.848,34.087,1.14,1.861,22.595,0.001156174
7 eDNA Pres II,C9,Ethanol,4,6 months,26,PCI,2,6,1108.9748,2217.95,27.797,27.31101163,0.486370722,1.907,33.684,1.14,1.861,22.595,0.000512682
7 eDNA Pres II,D10,Ethanol,4,6 months,26,PCI,3,7,1557.7469,3115.49,27.329,27.31101163,0.017656962,1.826,33.062,1.14,1.861,22.595,0.003200754
7 eDNA Pres II,D11,Ethanol,4,6 months,26,PCI,3,8,1647.95283,3295.91,27.36,27.31101163,0.048559825,1.853,33.009,1.14,1.861,22.595,0.002036149
7 eDNA Pres II,D12,Ethanol,4,6 months,26,PCI,3,9,1756.58299,3513.17,27.432,27.31101163,0.121330897,1.877,32.965,1.14,1.861,22.595,0.001383253
7 eDNA Pres II,D4,Ethanol,4,6 months,26,PCI,3,1,2000.50208,4001,27.276,27.31101163,-0.034530004,1.864,32.682,1.14,1.861,22.595,0.002052525
7 eDNA Pres II,D5,Ethanol,4,6 months,26,PCI,3,2,1361.0071,2722.01,27.28,27.31101163,-0.030976613,1.867,33.335,1.14,1.861,22.595,0.001296107
7 eDNA Pres II,D6,Ethanol,4,6 months,26,PCI,3,3,1080.46771,2160.94,27.32,27.31101163,0.008902232,1.885,33.707,1.14,1.861,22.595,0.000743704
7 eDNA Pres II,D7,Ethanol,4,6 months,26,PCI,3,4,2705.32211,5410.64,27.519,27.31101163,0.208082835,1.86,32.233,1.14,1.861,22.595,0.002937496
7 eDNA Pres II,D8,Ethanol,4,6 months,26,PCI,3,5,1751.76829,3503.54,27.183,27.31101163,-0.127742132,1.837,32.921,1.14,1.861,22.595,0.002884155
7 eDNA Pres II,D9,Ethanol,4,6 months,26,PCI,3,6,2294.87987,4589.76,27.184,27.31101163,-0.126834234,1.864,32.49,1.14,1.861,22.595,0.002332684
7 eDNA Pres II,E10,Ethanol,4,6 months,26,PCI,4,7,887.48243,1774.96,27.393,27.31101163,0.082251231,1.87,34.035,1.14,1.861,22.595,0.000794071
7 eDNA Pres II,E11,Ethanol,4,6 months,26,PCI,4,8,960.58869,1921.18,27.337,27.31101163,0.025545756,1.839,33.883,1.14,1.861,22.595,0.001548289
7 eDNA Pres II,E12,Ethanol,4,6 months,26,PCI,4,9,668.7087,1337.42,27.61,27.31101163,0.299223582,1.921,34.55,1.14,1.861,22.595,0.000228789
7 eDNA Pres II,E4,Ethanol,4,6 months,26,PCI,4,1,886.93242,1773.86,27.477,27.31101163,0.165838877,1.822,33.991,1.14,1.861,22.595,0.001987129
7 eDNA Pres II,E5,Ethanol,4,6 months,26,PCI,4,2,1033.84908,2067.7,27.497,27.31101163,0.185667674,1.888,33.773,1.14,1.861,22.595,0.000680453
7 eDNA Pres II,E6,Ethanol,4,6 months,26,PCI,4,3,889.42912,1778.86,27.513,27.31101163,0.202139537,1.825,33.992,1.14,1.861,22.595,0.001878032
7 eDNA Pres II,E7,Ethanol,4,6 months,26,PCI,4,4,452.09107,904.18,27.589,27.31101163,0.277950923,1.843,35.084,1.14,1.861,22.595,0.000682181
7 eDNA Pres II,E8,Ethanol,4,6 months,26,PCI,4,5,644.82912,1289.66,27.381,27.31101163,0.070168177,1.862,34.519,1.14,1.861,22.595,0.000676656
7 eDNA Pres II,E9,Ethanol,4,6 months,26,PCI,4,6,877.39545,1754.79,27.487,27.31101163,0.176470439,1.843,34.018,1.14,1.861,22.595,0.001311686
7 eDNA Pres II,F11,Ethanol,4,6 months,26,Kit,3,9,6877.86657,6877.87,27.757,27.31101163,0.445629756,1.812,30.661,1.14,1.861,22.595,0.017288141
7 eDNA Pres II,F12,Ethanol,4,6 months,26,Kit,1,9,7168.26972,7168.27,27.33,27.31101163,0.019453684,1.832,30.629,1.14,1.861,22.595,0.012509772
7 eDNA Pres II,F4,Ethanol,4,6 months,26,Kit,4,1,4706.081,4706.08,27.429,27.31101163,0.117685954,1.844,31.325,1.14,1.861,22.595,0.00667861
7 eDNA Pres II,F5,Ethanol,4,6 months,26,Kit,4,2,5568.84566,5568.85,27.517,27.31101163,0.205809275,1.814,31.034,1.14,1.861,22.595,0.013337675
7 eDNA Pres II,F6,Ethanol,4,6 months,26,Kit,4,3,4703.00298,4703,27.401,27.31101163,0.090235392,1.84,31.287,1.14,1.861,22.595,0.007336444
7 eDNA Pres II,F7,Ethanol,4,6 months,26,Kit,4,4,5357.29108,5357.29,27.583,27.31101163,0.271488825,1.823,31.096,1.14,1.861,22.595,0.011031
7 eDNA Pres II,F8,Ethanol,4,6 months,26,Kit,4,5,5721.3218,5721.32,27.596,27.31101163,0.28450648,1.837,31.029,1.14,1.861,22.595,0.009060272
7 eDNA Pres II,F9,Ethanol,4,6 months,26,Kit,4,6,4179.92892,4179.93,27.484,27.31101163,0.172636668,1.831,31.52,1.14,1.861,22.595,0.007396568
7 eDNA Pres II,G10,Ethanol,4,6 months,26,Kit,2,9,5763.55867,5763.56,27.506,27.31101163,0.195135752,1.823,30.983,1.14,1.861,22.595,0.011813805
7 eDNA Pres II,G11,Ethanol,4,6 months,26,Kit,4,7,5908.7486,5908.75,27.599,27.31101163,0.288355509,1.883,31.027,1.14,1.861,22.595,0.004182525
7 eDNA Pres II,G12,Ethanol,4,6 months,26,Kit,4,8,6118.55229,6118.55,27.625,27.31101163,0.314486186,1.845,30.934,1.14,1.861,22.595,0.008326464
7 eDNA Pres II,G2,Ethanol,4,6 months,26,Kit,2,1,5566.68499,5566.68,27.457,27.31101163,0.145975749,1.833,31.053,1.14,1.861,22.595,0.00955071
7 eDNA Pres II,G3,Ethanol,4,6 months,26,Kit,2,2,5783.08618,5783.09,27.404,27.31101163,0.092945735,1.855,31.003,1.14,1.861,22.595,0.00679105
7 eDNA Pres II,G4,Ethanol,4,6 months,26,Kit,2,3,4572.68022,4572.68,27.647,27.31101163,0.335671107,1.849,31.361,1.14,1.861,22.595,0.006080473
7 eDNA Pres II,G5,Ethanol,4,6 months,26,Kit,2,4,6254.55193,6254.55,27.814,27.31101163,0.503130595,1.81,30.845,1.14,1.861,22.595,0.015847848
7 eDNA Pres II,G6,Ethanol,4,6 months,26,Kit,2,5,6098.51209,6098.51,27.905,27.31101163,0.593800227,1.802,30.841,1.14,1.861,22.595,0.018327953
7 eDNA Pres II,G7,Ethanol,4,6 months,26,Kit,2,6,3635.95039,3635.95,27.568,27.31101163,0.257059733,1.865,31.717,1.14,1.861,22.595,0.00367802
7 eDNA Pres II,G8,Ethanol,4,6 months,26,Kit,2,7,5313.91194,5313.91,27.609,27.31101163,0.297999064,1.843,31.123,1.14,1.861,22.595,0.007705941
7 eDNA Pres II,G9,Ethanol,4,6 months,26,Kit,2,8,5649.23882,5649.24,27.692,27.31101163,0.381214778,1.812,30.973,1.14,1.861,22.595,0.014244682
7 eDNA Pres II,H1,Ethanol,4,6 months,26,Kit,3,1,6485.12924,6485.13,27.689,27.31101163,0.37762324,1.841,30.861,1.14,1.861,22.595,0.009387887
7 eDNA Pres II,H2,Ethanol,4,6 months,26,Kit,3,2,6888.01287,6888.01,27.574,27.31101163,0.263300578,1.843,30.689,1.14,1.861,22.595,0.010080532
7 eDNA Pres II,H3,Ethanol,4,6 months,26,Kit,3,3,5505.81142,5505.81,27.457,27.31101163,0.146368663,1.821,31.017,1.14,1.861,22.595,0.012061151
7 eDNA Pres II,H4,Ethanol,4,6 months,26,Kit,3,4,5728.42686,5728.43,27.562,27.31101163,0.250517527,1.854,31.038,1.14,1.861,22.595,0.006739877
7 eDNA Pres II,H5,Ethanol,4,6 months,26,Kit,3,5,6869.39294,6869.39,27.685,27.31101163,0.373905818,1.796,30.616,1.14,1.861,22.595,0.023231827
7 eDNA Pres II,H6,Ethanol,4,6 months,26,Kit,3,6,6729.50782,6729.51,27.594,27.31101163,0.283388774,1.788,30.643,1.14,1.861,22.595,0.026350197
7 eDNA Pres II,H7,Ethanol,4,6 months,26,Kit,3,7,7024.56664,7024.57,27.779,27.31101163,0.468109767,2.015,30.806,1.14,1.861,22.595,0.000602161
7 eDNA Pres II,H8,Ethanol,4,6 months,26,Kit,3,8,6526.45389,6526.45,27.678,27.31101163,0.367161433,1.766,30.655,1.14,1.861,22.595,0.038208947
7 eDNA Pres II,H9,Ethanol,4,6 months,26,Kit,3,9,6695.93038,6695.93,27.933,27.31101163,0.621554057,1.86,30.783,1.14,1.861,22.595,0.007109798
9 eDNA Pres II,F11,Ethanol,4,6 months,26,Kit,4,9,7279.14413,7279.14,28.068,27.743831,0.323889414,1.831,30.946,1.14,1.833,22.578,0.007359375
10 eDNA Pres II,F11,Ethanol,4,9 months,39,Kit,4,9,5366.026,5366.03,27.36,27.03278097,0.32721903,1.823,31.454,1.14,1.783,22.72,0.003661884
24 eDNA Pres I and II,D10,Ethanol,4,9 months,39,PCI,1,7,145.784,2915.68,27.577,27.33913294,0.23786706,1.787,37.786,1.14,1.804,22.93,0.000255667
24 eDNA Pres I and II,D11,Ethanol,4,9 months,39,PCI,1,8,na,na,27.238,27.33913294,-0.10113294,na,na,1.14,1.804,22.93,#VALUE!
24 eDNA Pres I and II,D12,Ethanol,4,9 months,39,PCI,1,9,na,na,27.56,27.33913294,0.22086706,na,na,1.14,1.804,22.93,#VALUE!
24 eDNA Pres I and II,D4,Ethanol,4,9 months,39,PCI,1,1,241.144,4822.88,27.526,27.33913294,0.18686706,1.793,36.95,1.14,1.804,22.93,0.000368143
24 eDNA Pres I and II,D5,Ethanol,4,9 months,39,PCI,1,2,na,na,27.445,27.33913294,0.10586706,na,na,1.14,1.804,22.93,#VALUE!
24 eDNA Pres I and II,D6,Ethanol,4,9 months,39,PCI,1,3,462.373,9247.46,27.49,27.33913294,0.15086706,1.807,35.906,1.14,1.804,22.93,0.000507769
24 eDNA Pres I and II,D7,Ethanol,4,9 months,39,PCI,1,4,na,na,27.626,27.33913294,0.28686706,na,na,1.14,1.804,22.93,#VALUE!
24 eDNA Pres I and II,D8,Ethanol,4,9 months,39,PCI,1,5,156.02,3120.4,27.374,27.33913294,0.03486706,1.844,37.719,1.14,1.804,22.93,8.10E-05
24 eDNA Pres I and II,D9,Ethanol,4,9 months,39,PCI,1,6,278.92,5578.4,27.427,27.33913294,0.08786706,1.873,36.764,1.14,1.804,22.93,8.18E-05
24 eDNA Pres I and II,E10,Ethanol,4,9 months,39,PCI,4,7,499.7,9994,27.567,27.33913294,0.22786706,1.877,35.795,1.14,1.804,22.93,0.000139007
24 eDNA Pres I and II,E11,Ethanol,4,9 months,39,PCI,4,8,256.389,5127.78,27.444,27.33913294,0.10486706,1.846,36.909,1.14,1.804,22.93,0.00012799
24 eDNA Pres I and II,E12,Ethanol,4,9 months,39,PCI,4,9,149.586,2991.72,27.471,27.33913294,0.13186706,1.799,37.785,1.14,1.804,22.93,0.000199307
24 eDNA Pres I and II,E4,Ethanol,4,9 months,39,PCI,4,1,360.581,7211.62,27.532,27.33913294,0.19286706,1.86,36.34,1.14,1.804,22.93,0.00013729
24 eDNA Pres I and II,E5,Ethanol,4,9 months,39,PCI,4,2,338.816,6776.32,27.683,27.33913294,0.34386706,1.84,36.39,1.14,1.804,22.93,0.000196778
24 eDNA Pres I and II,E6,Ethanol,4,9 months,39,PCI,4,3,139.188,2783.76,27.479,27.33913294,0.13986706,1.814,37.914,1.14,1.804,22.93,0.000135111
24 eDNA Pres I and II,E7,Ethanol,4,9 months,39,PCI,4,4,178.124,3562.48,27.638,27.33913294,0.29886706,1.858,37.51,1.14,1.804,22.93,6.92E-05
24 eDNA Pres I and II,E8,Ethanol,4,9 months,39,PCI,4,5,270.941,5418.82,27.596,27.33913294,0.25686706,1.813,36.803,1.14,1.804,22.93,0.000266299
24 eDNA Pres I and II,E9,Ethanol,4,9 months,39,PCI,4,6,379.876,7597.52,27.599,27.33913294,0.25986706,1.857,36.26,1.14,1.804,22.93,0.000153757
8 eDNA Pres II,A10,Longmire's,RT,9 months,39,PCI,1,7,169.33281,3386.66,30.882,29.15499433,1.727377574,1.806,36.882,1.14,1.809,22.811,0.000288441
8 eDNA Pres II,A11,Longmire's,RT,9 months,39,PCI,1,8,329.26869,6585.37,31.294,29.15499433,2.139422099,1.799,35.821,1.14,1.809,22.811,0.000623112
8 eDNA Pres II,A12,Longmire's,RT,9 months,39,PCI,1,9,234.40678,4688.14,31.675,29.15499433,2.51957194,1.825,36.387,1.14,1.809,22.811,0.000265624
8 eDNA Pres II,A4,Longmire's,RT,9 months,39,PCI,1,1,179.21049,3584.21,30.941,29.15499433,1.786007563,1.844,36.868,1.14,1.809,22.811,0.000136527
8 eDNA Pres II,A5,Longmire's,RT,9 months,39,PCI,1,2,121.25062,2425.01,30.589,29.15499433,1.433714549,1.896,37.463,1.14,1.809,22.811,3.31E-05
8 eDNA Pres II,A6,Longmire's,RT,9 months,39,PCI,1,3,188.37568,3767.51,30.793,29.15499433,1.637758891,1.85,36.749,1.14,1.809,22.811,0.000129963
8 eDNA Pres II,A7,Longmire's,RT,9 months,39,PCI,1,4,274.70599,5494.12,31.282,29.15499433,2.12740008,1.841,36.142,1.14,1.809,22.811,0.000225044
8 eDNA Pres II,A8,Longmire's,RT,9 months,39,PCI,1,5,153.05659,3061.13,30.738,29.15499433,1.583182017,1.825,37.049,1.14,1.809,22.811,0.000177389
8 eDNA Pres II,A9,Longmire's,RT,9 months,39,PCI,1,6,315.18211,6303.64,30.841,29.15499433,1.686031977,1.807,35.911,1.14,1.809,22.811,0.000501452
8 eDNA Pres II,C10,Longmire's,RT,9 months,39,PCI,2,7,112.5615,2251.23,30.874,29.15499433,1.719055812,1.906,37.587,1.14,1.809,22.811,2.52E-05
8 eDNA Pres II,C11,Longmire's,RT,9 months,39,PCI,2,8,162.17277,3243.46,30.993,29.15499433,1.837967555,1.855,36.988,1.14,1.809,22.811,0.000100376
8 eDNA Pres II,C12,Longmire's,RT,9 months,39,PCI,2,9,95.20956,1904.19,30.734,29.15499433,1.579447428,1.831,37.827,1.14,1.809,22.811,9.79E-05
8 eDNA Pres II,C4,Longmire's,RT,9 months,39,PCI,2,1,162.15093,3243.02,30.951,29.15499433,1.796497981,1.809,36.955,1.14,1.809,22.811,0.000258604
8 eDNA Pres II,C5,Longmire's,RT,9 months,39,PCI,2,2,83.63496,1672.7,30.772,29.15499433,1.616533915,1.787,37.966,1.14,1.809,22.811,0.000229327
8 eDNA Pres II,C6,Longmire's,RT,9 months,39,PCI,2,3,na,na,30.796,29.15499433,1.640989939,na,na,1.14,1.809,22.811,#VALUE!
8 eDNA Pres II,C7,Longmire's,RT,9 months,39,PCI,2,4,157.92652,3158.53,30.455,29.15499433,1.299549739,1.83,36.969,1.14,1.809,22.811,0.000169823
8 eDNA Pres II,C8,Longmire's,RT,9 months,39,PCI,2,5,23.84221,476.84,30.96,29.15499433,1.804913203,1.81,39.994,1.14,1.809,22.811,4.18E-05
8 eDNA Pres II,C9,Longmire's,RT,9 months,39,PCI,2,6,73.42915,1468.58,30.979,29.15499433,1.824003855,1.842,38.23,1.14,1.809,22.811,6.10E-05
8 eDNA Pres II,D10,Longmire's,RT,9 months,39,PCI,3,7,258.77423,5175.48,31.228,29.15499433,2.073008219,1.812,36.162,1.14,1.809,22.811,0.000388491
8 eDNA Pres II,D11,Longmire's,RT,9 months,39,PCI,3,8,283.14802,5662.96,31.102,29.15499433,1.946802775,1.805,36.034,1.14,1.809,22.811,0.000487707
8 eDNA Pres II,D12,Longmire's,RT,9 months,39,PCI,3,9,82.34962,1646.99,31.253,29.15499433,2.097611109,1.863,38.083,1.14,1.809,22.811,4.35E-05
8 eDNA Pres II,D4,Longmire's,RT,9 months,39,PCI,3,1,415.18538,8303.71,30.968,29.15499433,1.813439051,1.82,35.424,1.14,1.809,22.811,0.00052279
8 eDNA Pres II,D5,Longmire's,RT,9 months,39,PCI,3,2,167.20519,3344.1,31.075,29.15499433,1.920378367,1.807,36.886,1.14,1.809,22.811,0.000282665
8 eDNA Pres II,D6,Longmire's,RT,9 months,39,PCI,3,3,238.86922,4777.38,30.829,29.15499433,1.673800151,1.832,36.322,1.14,1.809,22.811,0.000239576
8 eDNA Pres II,D7,Longmire's,RT,9 months,39,PCI,3,4,392.30037,7846.01,31.223,29.15499433,2.067860285,1.815,35.495,1.14,1.809,22.811,0.000552996
8 eDNA Pres II,D8,Longmire's,RT,9 months,39,PCI,3,5,334.77429,6695.49,31.286,29.15499433,2.130913417,1.817,35.812,1.14,1.809,22.811,0.000436623
8 eDNA Pres II,D9,Longmire's,RT,9 months,39,PCI,3,6,336.8748,6737.5,31.088,29.15499433,1.933157603,1.863,35.751,1.14,1.809,22.811,0.000186529
8 eDNA Pres II,E10,Longmire's,RT,9 months,39,PCI,4,7,na,na,31.485,29.15499433,2.330172221,na,na,1.14,1.809,22.811,#VALUE!
8 eDNA Pres II,E11,Longmire's,RT,9 months,39,PCI,4,8,120.33817,2406.76,31.496,29.15499433,2.341046015,1.912,37.471,1.14,1.809,22.811,2.39E-05
8 eDNA Pres II,E12,Longmire's,RT,9 months,39,PCI,4,9,174.92332,3498.47,31.127,29.15499433,1.972494761,1.816,36.861,1.14,1.809,22.811,0.000237138
8 eDNA Pres II,E4,Longmire's,RT,9 months,39,PCI,4,1,215.99178,4319.84,30.85,29.15499433,1.694721858,1.88,36.524,1.14,1.809,22.811,8.18E-05
8 eDNA Pres II,E5,Longmire's,RT,9 months,39,PCI,4,2,198.12062,3962.41,30.947,29.15499433,1.791590373,1.848,36.593,1.14,1.809,22.811,0.000147398
8 eDNA Pres II,E6,Longmire's,RT,9 months,39,PCI,4,3,221.33553,4426.71,31.4,29.15499433,2.244568507,1.859,36.459,1.14,1.809,22.811,0.000129368
8 eDNA Pres II,E7,Longmire's,RT,9 months,39,PCI,4,4,84.5402,1690.8,31.178,29.15499433,2.023321788,1.837,38.007,1.14,1.809,22.811,7.76E-05
8 eDNA Pres II,E8,Longmire's,RT,9 months,39,PCI,4,5,189.63561,3792.71,31.114,29.15499433,1.958845774,1.865,36.741,1.14,1.809,22.811,9.64E-05
8 eDNA Pres II,E9,Longmire's,RT,9 months,39,PCI,4,6,199.52972,3990.59,32.199,29.15499433,3.044418971,1.803,36.531,1.14,1.809,22.811,0.000381239
9 eDNA Pres II,B10,Ethanol,4,9 months,39,Kit,1,6,5056.76679,5056.77,28.035,27.743831,0.291662852,1.892,31.56,1.14,1.833,22.578,0.0018189
9 eDNA Pres II,B11,Ethanol,4,9 months,39,Kit,1,7,5726.53348,5726.53,27.971,27.743831,0.226967494,1.899,31.39,1.14,1.833,22.578,0.001815428
9 eDNA Pres II,B12,Ethanol,4,9 months,39,Kit,1,8,5366.5936,5366.59,28.14,27.743831,0.395849864,1.901,31.544,1.14,1.833,22.578,0.001576055
9 eDNA Pres II,B4,Ethanol,4,9 months,39,Kit,1,1,5438.07494,5438.07,28.109,27.743831,0.36540858,1.828,31.398,1.14,1.833,22.578,0.005906943
9 eDNA Pres II,B5,Ethanol,4,9 months,39,Kit,1,2,5204.01262,5204.01,27.933,27.743831,0.189190547,1.852,31.466,1.14,1.833,22.578,0.003754673
9 eDNA Pres II,B6,Ethanol,4,9 months,39,Kit,1,3,4901.37283,4901.37,28.189,27.743831,0.444683711,1.825,31.542,1.14,1.833,22.578,0.005771098
9 eDNA Pres II,B8,Ethanol,4,9 months,39,Kit,1,4,5269.15863,5269.16,28.181,27.743831,0.437367121,1.852,31.462,1.14,1.833,22.578,0.003792687
9 eDNA Pres II,B9,Ethanol,4,9 months,39,Kit,1,5,6881.63936,6881.64,28.347,27.743831,0.437367121,1.712,30.825,1.14,1.833,22.578,0.06309472
9 eDNA Pres II,C10,Ethanol,4,9 months,39,PCI,2,7,69.78028,69.78,33.731,27.743831,0.602820079,1.847,38.508,1.14,1.833,22.578,5.46E-05
9 eDNA Pres II,C11,Ethanol,4,9 months,39,PCI,2,8,16.1094,16.11,35.487,27.743831,7.743565241,1.795,40.916,1.14,1.833,22.578,4.01E-05
9 eDNA Pres II,C12,Ethanol,4,9 months,39,PCI,2,9,23.30372,23.3,35.266,27.743831,7.522038142,1.85,40.325,1.14,1.833,22.578,1.68E-05
9 eDNA Pres II,C4,Ethanol,4,9 months,39,PCI,2,1,71.63337,71.63,33.119,27.743831,5.375210444,1.783,38.4,1.14,1.833,22.578,0.00022624
9 eDNA Pres II,C5,Ethanol,4,9 months,39,PCI,2,2,128.40738,128.41,32.329,27.743831,4.584782283,1.818,37.493,1.14,1.833,22.578,0.000186213
9 eDNA Pres II,C6,Ethanol,4,9 months,39,PCI,2,3,77.3393,77.34,33.312,27.743831,5.568520228,1.85,38.357,1.14,1.833,22.578,5.64E-05
9 eDNA Pres II,C7,Ethanol,4,9 months,39,PCI,2,4,187.62956,187.63,32.068,27.743831,4.324551264,1.788,36.879,1.14,1.833,22.578,0.000493306
9 eDNA Pres II,C8,Ethanol,4,9 months,39,PCI,2,5,93.55522,93.56,32.987,27.743831,5.242985408,1.794,38.03,1.14,1.833,22.578,0.000223376
9 eDNA Pres II,C9,Ethanol,4,9 months,39,PCI,2,6,87.27658,87.28,33.075,27.743831,5.331440608,1.794,38.099,1.14,1.833,22.578,0.000214677
9 eDNA Pres II,D10,Ethanol,4,9 months,39,PCI,3,7,49.65666,49.66,34.504,27.743831,6.759735743,1.791,39.05,1.14,1.833,22.578,0.000130043
9 eDNA Pres II,D11,Ethanol,4,9 months,39,PCI,3,8,357.00228,357,30.325,27.743831,2.581141154,1.818,35.836,1.14,1.833,22.578,0.000497289
9 eDNA Pres II,D12,Ethanol,4,9 months,39,PCI,3,9,21.76704,21.77,35.671,27.743831,7.927029292,1.903,40.495,1.14,1.833,22.578,4.80E-06
9 eDNA Pres II,D4,Ethanol,4,9 months,39,PCI,3,1,110.21375,110.21,32.889,27.743831,5.145416896,1.792,37.743,1.14,1.833,22.578,0.000270714
9 eDNA Pres II,D5,Ethanol,4,9 months,39,PCI,3,2,49.9115,49.91,33.601,27.743831,5.856800715,1.8,39.061,1.14,1.833,22.578,0.00010592
9 eDNA Pres II,D6,Ethanol,4,9 months,39,PCI,3,3,156.34172,156.34,32.808,27.743831,5.064457575,1.787,37.151,1.14,1.833,22.578,0.000426137
9 eDNA Pres II,D7,Ethanol,4,9 months,39,PCI,3,4,185.62241,185.62,32.268,27.743831,4.524216334,1.774,36.903,1.14,1.833,22.578,0.000647645
9 eDNA Pres II,D8,Ethanol,4,9 months,39,PCI,3,5,152.42367,152.42,32.22,27.743831,4.476235072,1.824,37.223,1.14,1.833,22.578,0.000193022
9 eDNA Pres II,D9,Ethanol,4,9 months,39,PCI,3,6,149.3101,149.31,32.391,27.743831,4.647110621,1.816,37.247,1.14,1.833,22.578,0.000222766
9 eDNA Pres II,F12,Ethanol,4,9 months,39,Kit,1,9,5875.15021,5875.15,27.971,27.743831,0.226927439,1.845,31.283,1.14,1.833,22.578,0.004738957
9 eDNA Pres II,F4,Ethanol,4,9 months,39,Kit,4,1,4110.91791,4110.92,28.114,27.743831,0.370592753,1.819,31.859,1.14,1.833,22.578,0.005287553
9 eDNA Pres II,F5,Ethanol,4,9 months,39,Kit,4,2,4925.56859,4925.57,28.038,27.743831,0.294661204,1.814,31.491,1.14,1.833,22.578,0.007086071
9 eDNA Pres II,F6,Ethanol,4,9 months,39,Kit,4,3,6055.27684,6055.28,28.149,27.743831,0.40550677,1.827,31.202,1.14,1.833,22.578,0.006811563
9 eDNA Pres II,F7,Ethanol,4,9 months,39,Kit,4,4,6647.06668,6647.07,28.381,27.743831,0.637461344,1.839,31.092,1.14,1.833,22.578,0.005873142
9 eDNA Pres II,F8,Ethanol,4,9 months,39,Kit,4,5,6852.92669,6852.93,28.506,27.743831,0.76261584,1.819,31.019,1.14,1.833,22.578,0.008642052
9 eDNA Pres II,F9,Ethanol,4,9 months,39,Kit,4,6,7348.57703,7348.58,28.508,27.743831,0.763975779,1.795,30.824,1.14,1.833,22.578,0.014711328
9 eDNA Pres II,G10,Ethanol,4,9 months,39,Kit,2,9,6092.83661,6092.84,28.623,27.743831,0.878948847,1.85,31.225,1.14,1.833,22.578,0.004518321
9 eDNA Pres II,G11,Ethanol,4,9 months,39,Kit,4,7,7340.07219,7340.07,28.804,27.743831,1.060484568,1.835,30.901,1.14,1.833,22.578,0.007141988
9 eDNA Pres II,G12,Ethanol,4,9 months,39,Kit,4,8,7036.12668,7036.13,28.368,27.743831,0.624176661,1.843,31.007,1.14,1.833,22.578,0.005820155
9 eDNA Pres II,G2,Ethanol,4,9 months,39,Kit,2,1,6651.73028,6651.73,28.113,27.743831,0.36966006,1.851,31.105,1.14,1.833,22.578,0.004832294
9 eDNA Pres II,G3,Ethanol,4,9 months,39,Kit,2,2,6064.58122,6064.58,28.087,27.743831,0.343004862,1.818,31.185,1.14,1.833,22.578,0.008038514
9 eDNA Pres II,G4,Ethanol,4,9 months,39,Kit,2,3,6071.49489,6071.49,28.281,27.743831,0.536898295,1.816,31.185,1.14,1.833,22.578,0.008276418
9 eDNA Pres II,G5,Ethanol,4,9 months,39,Kit,2,4,7367.42653,7367.43,28.383,27.743831,0.639424006,1.825,30.882,1.14,1.833,22.578,0.008548397
9 eDNA Pres II,G6,Ethanol,4,9 months,39,Kit,2,5,6758.9255,6758.93,28.405,27.743831,0.661125819,1.875,31.085,1.14,1.833,22.578,0.003268867
9 eDNA Pres II,G7,Ethanol,4,9 months,39,Kit,2,6,7848.00202,7848,28.414,27.743831,0.669914881,1.83,30.763,1.14,1.833,22.578,0.008465966
9 eDNA Pres II,G8,Ethanol,4,9 months,39,Kit,2,7,6784.73013,6784.73,28.356,27.743831,0.61193339,1.827,31.048,1.14,1.833,22.578,0.007427987
9 eDNA Pres II,G9,Ethanol,4,9 months,39,Kit,2,8,5605.77447,5605.77,28.277,27.743831,0.53321902,1.841,31.333,1.14,1.833,22.578,0.004925371
9 eDNA Pres II,H1,Ethanol,4,9 months,39,Kit,3,1,5003.86162,5003.86,28.356,27.743831,0.611859004,1.836,31.54,1.14,1.833,22.578,0.004775184
9 eDNA Pres II,H2,Ethanol,4,9 months,39,Kit,3,2,6432.1016,6432.1,28.428,27.743831,0.683947245,1.842,31.13,1.14,1.833,22.578,0.005464862
9 eDNA Pres II,H3,Ethanol,4,9 months,39,Kit,3,3,6613.1819,6613.18,28.357,27.743831,0.613051097,1.841,31.075,1.14,1.833,22.578,0.005737795
9 eDNA Pres II,H4,Ethanol,4,9 months,39,Kit,3,4,6585.09834,6585.1,28.399,27.743831,0.655314128,1.862,31.123,1.14,1.833,22.578,0.003911977
9 eDNA Pres II,H5,Ethanol,4,9 months,39,Kit,3,5,6086.57952,6086.58,28.424,27.743831,0.680464427,1.817,31.181,1.14,1.833,22.578,0.008210364
9 eDNA Pres II,H6,Ethanol,4,9 months,39,Kit,3,6,6322.00483,6322,28.304,27.743831,0.560005824,1.794,31.119,1.14,1.833,22.578,0.012566962
9 eDNA Pres II,H7,Ethanol,4,9 months,39,Kit,3,7,6250.93048,6250.93,28.345,27.743831,0.600706736,1.847,31.18,1.14,1.833,22.578,0.004901381
9 eDNA Pres II,H8,Ethanol,4,9 months,39,Kit,3,8,6696.60838,6696.61,28.434,27.743831,0.690632502,1.861,31.099,1.14,1.833,22.578,0.004073323
9 eDNA Pres II,H9,Ethanol,4,9 months,39,Kit,3,9,6675.05711,6675.06,28.386,27.743831,0.642061869,1.845,31.065,1.14,1.833,22.578,0.005460827
10 eDNA Pres II,A10,Longmire's,RT,1 year,52,PCI,1,7,373.93,7478.6,29.989,27.03278097,2.95621903,1.865,35.875,1.14,1.783,22.72,0.000112832
10 eDNA Pres II,A11,Longmire's,RT,1 year,52,PCI,1,8,157.326,3146.52,30.025,27.03278097,2.99221903,1.87,37.221,1.14,1.783,22.72,4.42E-05
10 eDNA Pres II,A12,Longmire's,RT,1 year,52,PCI,1,9,81.454,1629.08,29.948,27.03278097,2.91521903,1.908,38.273,1.14,1.783,22.72,1.05E-05
10 eDNA Pres II,A4,Longmire's,RT,1 year,52,PCI,1,1,298.181,5963.62,31.52,27.03278097,4.48721903,1.858,36.234,1.14,1.783,22.72,0.000103997
10 eDNA Pres II,A5,Longmire's,RT,1 year,52,PCI,1,2,92.413,1848.26,29.92,27.03278097,2.88721903,1.821,38.052,1.14,1.783,22.72,7.20E-05
10 eDNA Pres II,A6,Longmire's,RT,1 year,52,PCI,1,3,167.007,3340.14,31.299,27.03278097,4.26621903,1.822,37.084,1.14,1.783,22.72,0.000126451
10 eDNA Pres II,A7,Longmire's,RT,1 year,52,PCI,1,4,82.822,1656.44,30.514,27.03278097,3.48121903,1.851,38.225,1.14,1.783,22.72,3.45E-05
10 eDNA Pres II,A8,Longmire's,RT,1 year,52,PCI,1,5,81.31,1626.2,30.287,27.03278097,3.25421903,1.874,38.257,1.14,1.783,22.72,2.11E-05
10 eDNA Pres II,A9,Longmire's,RT,1 year,52,PCI,1,6,286.751,5735.02,30.804,27.03278097,3.77121903,1.872,36.297,1.14,1.783,22.72,7.62E-05
10 eDNA Pres II,B10,Longmire's,RT,1 year,52,PCI,2,6,218.17,4363.4,31.361,27.03278097,4.32821903,1.889,36.688,1.14,1.783,22.72,4.25E-05
10 eDNA Pres II,B11,Longmire's,RT,1 year,52,PCI,2,7,119.829,2396.58,32.238,27.03278097,5.20521903,1.86,37.623,1.14,1.783,22.72,4.20E-05
10 eDNA Pres II,B12,Longmire's,RT,1 year,52,PCI,2,8,389.78,7795.6,29.801,27.03278097,2.76821903,1.887,35.792,1.14,1.783,22.72,7.83E-05
10 eDNA Pres II,B4,Longmire's,RT,1 year,52,PCI,2,1,154.845,3096.9,29.785,27.03278097,2.75221903,1.843,37.222,1.14,1.783,22.72,7.51E-05
10 eDNA Pres II,B5,Longmire's,RT,1 year,52,PCI,2,2,83.504,1670.08,30.194,27.03278097,3.16121903,1.836,38.2,1.14,1.783,22.72,4.87E-05
10 eDNA Pres II,B6,Longmire's,RT,1 year,52,PCI,2,3,126.297,2525.94,29.653,27.03278097,2.62021903,1.855,37.571,1.14,1.783,22.72,4.82E-05
10 eDNA Pres II,B8,Longmire's,RT,1 year,52,PCI,2,4,93.202,1864.04,29.459,27.03278097,2.42621903,1.818,38.022,1.14,1.783,22.72,7.88E-05
10 eDNA Pres II,B9,Longmire's,RT,1 year,52,PCI,2,5,119.587,2391.74,30.651,27.03278097,3.61821903,1.839,37.56,1.14,1.783,22.72,6.73E-05
10 eDNA Pres II,C10,Longmire's,RT,1 year,52,PCI,3,7,161.299,3225.98,30.012,27.03278097,2.97921903,1.861,37.173,1.14,1.783,22.72,5.48E-05
10 eDNA Pres II,C11,Longmire's,RT,1 year,52,PCI,3,8,155.747,3114.94,30.223,27.03278097,3.19021903,1.824,37.177,1.14,1.783,22.72,0.000113734
10 eDNA Pres II,C12,Longmire's,RT,1 year,52,PCI,3,9,91.192,1823.84,29.897,27.03278097,2.86421903,1.848,38.105,1.14,1.783,22.72,4.00E-05
10 eDNA Pres II,C4,Longmire's,RT,1 year,52,PCI,3,1,na,na,29.269,27.03278097,2.23621903,na,na,1.14,1.783,22.72,#VALUE!
10 eDNA Pres II,C5,Longmire's,RT,1 year,52,PCI,3,2,80.533,1610.66,30.737,27.03278097,3.70421903,1.851,38.296,1.14,1.783,22.72,3.34E-05
10 eDNA Pres II,C6,Longmire's,RT,1 year,52,PCI,3,3,46.905,938.1,30.171,27.03278097,3.13821903,1.81,39.114,1.14,1.783,22.72,4.81E-05
10 eDNA Pres II,C7,Longmire's,RT,1 year,52,PCI,3,4,185.759,3715.18,29.609,27.03278097,2.57621903,1.816,36.914,1.14,1.783,22.72,0.00015667
10 eDNA Pres II,C8,Longmire's,RT,1 year,52,PCI,3,5,48.74,974.8,29.685,27.03278097,2.65221903,1.826,39.074,1.14,1.783,22.72,3.55E-05
10 eDNA Pres II,C9,Longmire's,RT,1 year,52,PCI,3,6,na,na,30.062,27.03278097,3.02921903,na,na,1.14,1.783,22.72,#VALUE!
10 eDNA Pres II,D10,Longmire's,RT,1 year,52,PCI,4,7,161.604,3232.08,29.903,27.03278097,2.87021903,1.854,37.168,1.14,1.783,22.72,6.28E-05
10 eDNA Pres II,D11,Longmire's,RT,1 year,52,PCI,4,8,220.389,4407.78,30.029,27.03278097,2.99621903,1.856,37.162,1.14,1.783,22.72,6.02E-05
10 eDNA Pres II,D12,Longmire's,RT,1 year,52,PCI,4,9,114,2280,30.608,27.03278097,3.57521903,1.894,36.678,1.14,1.783,22.72,3.85E-05
10 eDNA Pres II,D4,Longmire's,RT,1 year,52,PCI,4,1,124.864,2497.28,29.767,27.03278097,2.73421903,1.844,37.524,1.14,1.783,22.72,6.13E-05
10 eDNA Pres II,D5,Longmire's,RT,1 year,52,PCI,4,2,81.594,1631.88,30.579,27.03278097,3.54621903,1.79,38.173,1.14,1.783,22.72,0.000128772
10 eDNA Pres II,D6,Longmire's,RT,1 year,52,PCI,4,3,273.245,5464.9,30.005,27.03278097,2.97221903,1.834,36.287,1.14,1.783,22.72,0.000159794
10 eDNA Pres II,D7,Longmire's,RT,1 year,52,PCI,4,4,275.902,5518.04,30.603,27.03278097,3.57021903,1.836,36.286,1.14,1.783,22.72,0.000154182
10 eDNA Pres II,D8,Longmire's,RT,1 year,52,PCI,4,5,116.894,2337.88,30.504,27.03278097,3.47121903,1.744,37.502,1.14,1.783,22.72,0.000510582
10 eDNA Pres II,D9,Longmire's,RT,1 year,52,PCI,4,6,232.987,4659.74,29.962,27.03278097,2.92921903,1.83,36.507,1.14,1.783,22.72,0.000152293
10 eDNA Pres II,E10,Longmire's,RT,1 year,52,Kit,1,7,10868.278,10868.28,27.469,27.03278097,0.43621903,1.809,30.334,1.14,1.783,22.72,0.009035922
10 eDNA Pres II,E11,Longmire's,RT,1 year,52,Kit,1,8,11252.619,11252.62,27.67,27.03278097,0.63721903,1.788,30.239,1.14,1.783,22.72,0.013591677
10 eDNA Pres II,E12,Longmire's,RT,1 year,52,Kit,1,9,10340.388,10340.39,27.419,27.03278097,0.38621903,1.831,30.452,1.14,1.783,22.72,0.005817229
10 eDNA Pres II,E4,Longmire's,RT,1 year,52,Kit,1,1,10421.945,10421.95,27.33,27.03278097,0.29721903,1.817,30.413,1.14,1.783,22.72,0.007564559
10 eDNA Pres II,E5,Longmire's,RT,1 year,52,Kit,1,2,10305.952,10305.95,27.478,27.03278097,0.44521903,1.803,30.396,1.14,1.783,22.72,0.00960537
10 eDNA Pres II,E6,Longmire's,RT,1 year,52,Kit,1,3,10885.439,10885.44,27.32,27.03278097,0.28721903,1.787,30.333,1.14,1.783,22.72,0.0129943
10 eDNA Pres II,E7,Longmire's,RT,1 year,52,Kit,1,4,9348.533,9348.53,27.448,27.03278097,0.41521903,1.815,30.603,1.14,1.783,22.72,0.006942034
10 eDNA Pres II,E8,Longmire's,RT,1 year,52,Kit,1,5,10488.159,10488.16,27.258,27.03278097,0.22521903,1.782,30.349,1.14,1.783,22.72,0.014088022
10 eDNA Pres II,E9,Longmire's,RT,1 year,52,Kit,1,6,9844.072,9844.07,27.508,27.03278097,0.47521903,1.816,30.527,1.14,1.783,22.72,0.00715348
10 eDNA Pres II,F12,Longmire's,RT,1 year,52,PCI,2,9,123.094,2461.88,30.634,27.03278097,3.60121903,1.897,37.606,1.14,1.783,22.72,2.04E-05
10 eDNA Pres II,F4,Longmire's,RT,1 year,52,Kit,2,1,6591.075,6591.08,27.218,27.03278097,0.18521903,1.806,31.164,1.14,1.783,22.72,0.005785169
10 eDNA Pres II,F5,Longmire's,RT,1 year,52,Kit,2,2,8894.428,8894.43,27.288,27.03278097,0.25521903,1.811,30.641,1.14,1.783,22.72,0.007230155
10 eDNA Pres II,F6,Longmire's,RT,1 year,52,Kit,2,3,8256.3,8256.3,27.453,27.03278097,0.42021903,1.836,30.779,1.14,1.783,22.72,0.004396435
10 eDNA Pres II,F7,Longmire's,RT,1 year,52,Kit,2,4,8362.198,8362.2,27.501,27.03278097,0.46821903,1.812,30.815,1.14,1.783,22.72,0.006403132
10 eDNA Pres II,F8,Longmire's,RT,1 year,52,Kit,2,5,8314.3,8314.3,27.503,27.03278097,0.47021903,1.857,30.811,1.14,1.783,22.72,0.003024487
10 eDNA Pres II,F9,Longmire's,RT,1 year,52,Kit,2,6,8112.346,8112.35,27.324,27.03278097,0.29121903,1.598,30.385,1.14,1.783,22.72,0.381239359
10 eDNA Pres II,G10,Longmire's,RT,1 year,52,Kit,3,9,9089.366,9089.37,27.667,27.03278097,0.63421903,1.712,30.426,1.14,1.783,22.72,0.04572603
10 eDNA Pres II,G11,Longmire's,RT,1 year,52,Kit,2,7,8824.216,8824.22,27.469,27.03278097,0.43621903,1.841,30.677,1.14,1.783,22.72,0.00426119
10 eDNA Pres II,G12,Longmire's,RT,1 year,52,Kit,2,8,8672.121,8672.12,27.403,27.03278097,0.37021903,1.835,30.686,1.14,1.783,22.72,0.004724554
10 eDNA Pres II,G2,Longmire's,RT,1 year,52,Kit,3,1,9781.227,9781.23,27.275,27.03278097,0.24221903,1.811,30.519,1.14,1.783,22.72,0.007735584
10 eDNA Pres II,G3,Longmire's,RT,1 year,52,Kit,3,2,9845.557,9845.56,27.38,27.03278097,0.34721903,1.842,30.512,1.14,1.783,22.72,0.004661951
10 eDNA Pres II,G4,Longmire's,RT,1 year,52,Kit,3,3,9717.158,9717.16,27.409,27.03278097,0.37621903,1.803,30.493,1.14,1.783,22.72,0.009003265
10 eDNA Pres II,G5,Longmire's,RT,1 year,52,Kit,3,4,10372.907,10372.91,27.409,27.03278097,0.37621903,1.787,30.36,1.14,1.783,22.72,0.012914458
10 eDNA Pres II,G6,Longmire's,RT,1 year,52,Kit,3,5,10177.081,10177.08,27.395,27.03278097,0.36221903,1.795,30.405,1.14,1.783,22.72,0.01084157
10 eDNA Pres II,G7,Longmire's,RT,1 year,52,Kit,3,6,9728.11,9728.11,27.489,27.03278097,0.45621903,1.826,30.525,1.14,1.783,22.72,0.006017016
10 eDNA Pres II,G8,Longmire's,RT,1 year,52,Kit,3,7,10879.844,10879.84,27.602,27.03278097,0.56921903,1.818,30.334,1.14,1.783,22.72,0.007776544
10 eDNA Pres II,G9,Longmire's,RT,1 year,52,Kit,3,8,8905.848,8905.85,27.504,27.03278097,0.47121903,1.805,30.619,1.14,1.783,22.72,0.008187795
10 eDNA Pres II,H1,Longmire's,RT,1 year,52,Kit,4,1,3598.461,3598.46,27.376,27.03278097,0.34321903,1.892,32.233,1.14,1.783,22.72,0.000682709
10 eDNA Pres II,H2,Longmire's,RT,1 year,52,Kit,4,2,5141.34,5141.34,27.521,27.03278097,0.48821903,1.862,31.614,1.14,1.783,22.72,0.001699771
10 eDNA Pres II,H3,Longmire's,RT,1 year,52,Kit,4,3,4804.451,4804.45,27.454,27.03278097,0.42121903,1.839,31.666,1.14,1.783,22.72,0.002441382
10 eDNA Pres II,H4,Longmire's,RT,1 year,52,Kit,4,4,4316.44,4316.44,27.503,27.03278097,0.47021903,1.815,31.836,1.14,1.783,22.72,0.003308727
10 eDNA Pres II,H5,Longmire's,RT,1 year,52,Kit,4,5,4045.212,4045.21,27.375,27.03278097,0.34221903,1.878,32.021,1.14,1.783,22.72,0.00099924
10 eDNA Pres II,H6,Longmire's,RT,1 year,52,Kit,4,6,5030.781,5030.78,27.526,27.03278097,0.49321903,1.848,31.613,1.14,1.783,22.72,0.00216386
10 eDNA Pres II,H7,Longmire's,RT,1 year,52,Kit,4,7,4634.202,4634.2,27.485,27.03278097,0.45221903,1.819,31.714,1.14,1.783,22.72,0.003322148
10 eDNA Pres II,H8,Longmire's,RT,1 year,52,Kit,4,8,5002.69,5002.69,27.484,27.03278097,0.45121903,1.878,31.664,1.14,1.783,22.72,0.001251095
10 eDNA Pres II,H9,Longmire's,RT,1 year,52,Kit,4,9,4462.612,4462.61,27.5,27.03278097,0.46721903,1.917,31.865,1.14,1.783,22.72,0.00057347
11 eDNA Pres II,A10,Ethanol,4,1 year,52,PCI,1,7,"2,316.57",2316.57,27.284,27.11087163,0.17312837,1.888,33.304,1.14,1.764,22.8,0.000303821
11 eDNA Pres II,A11,Ethanol,4,1 year,52,PCI,1,8,"1,496.61",1496.61,27.016,27.11087163,-0.09487163,1.919,34.083,1.14,1.764,22.8,0.000107562
11 eDNA Pres II,A12,Ethanol,4,1 year,52,PCI,1,9,"2,006.11",2006.11,27.14,27.11087163,0.02912837,1.996,33.609,1.14,1.764,22.8,3.87E-05
11 eDNA Pres II,A4,Ethanol,4,1 year,52,PCI,1,1,"2,108.58",2108.58,27.205,27.11087163,0.09412837,1.896,33.481,1.14,1.764,22.8,0.000235516
11 eDNA Pres II,A5,Ethanol,4,1 year,52,PCI,1,2,"2,826.96",2826.96,27.181,27.11087163,0.07012837,1.889,33.007,1.14,1.764,22.8,0.000363109
11 eDNA Pres II,A6,Ethanol,4,1 year,52,PCI,1,3,"2,769.46",2769.46,27.127,27.11087163,0.01612837,1.875,33.048,1.14,1.764,22.8,0.000451508
11 eDNA Pres II,A7,Ethanol,4,1 year,52,PCI,1,4,"2,386.93",2386.93,27.136,27.11087163,0.02512837,1.926,33.309,1.14,1.764,22.8,0.000157197
11 eDNA Pres II,A8,Ethanol,4,1 year,52,PCI,1,5,"2,998.38",2998.38,27.228,27.11087163,0.11712837,1.862,32.91,1.14,1.764,22.8,0.000618535
11 eDNA Pres II,A9,Ethanol,4,1 year,52,PCI,1,6,"3,254.78",3254.78,27.214,27.11087163,0.10312837,1.911,32.773,1.14,1.764,22.8,0.000287521
11 eDNA Pres II,B10,Ethanol,4,1 year,52,PCI,2,6,"3,148.52",3148.52,27.092,27.11087163,-0.01887163,1.926,32.83,1.14,1.764,22.8,0.000214011
11 eDNA Pres II,B11,Ethanol,4,1 year,52,PCI,2,7,"3,768.12",3768.12,26.899,27.11087163,-0.21187163,1.94,32.574,1.14,1.764,22.8,0.000200364
11 eDNA Pres II,B12,Ethanol,4,1 year,52,PCI,2,8,"3,495.08",3495.08,27.359,27.11087163,0.24812837,1.925,32.711,1.14,1.764,22.8,0.00023604
11 eDNA Pres II,B4,Ethanol,4,1 year,52,PCI,2,1,"3,014.07",3014.07,27.177,27.11087163,0.06612837,1.852,32.896,1.14,1.764,22.8,0.000742295
11 eDNA Pres II,B5,Ethanol,4,1 year,52,PCI,2,2,"3,325.58",3325.58,26.896,27.11087163,-0.21487163,1.918,32.754,1.14,1.764,22.8,0.000259352
11 eDNA Pres II,B6,Ethanol,4,1 year,52,PCI,2,3,"3,194.33",3194.33,27.127,27.11087163,0.01612837,1.838,32.822,1.14,1.764,22.8,0.000996386
11 eDNA Pres II,B8,Ethanol,4,1 year,52,PCI,2,4,"2,589.04",2589.04,27.208,27.11087163,0.09712837,1.865,33.118,1.14,1.764,22.8,0.000520009
11 eDNA Pres II,B9,Ethanol,4,1 year,52,PCI,2,5,"2,283.40",2283.4,27.014,27.11087163,-0.09687163,1.923,33.375,1.14,1.764,22.8,0.000158595
11 eDNA Pres II,C10,Ethanol,4,1 year,52,PCI,3,7,"2,041.57",2041.57,27.066,27.11087163,-0.04487163,1.916,33.528,1.14,1.764,22.8,0.000162789
11 eDNA Pres II,C11,Ethanol,4,1 year,52,PCI,3,8,"1,905.38",1905.38,27.159,27.11087163,0.04812837,1.895,33.643,1.14,1.764,22.8,0.000219196
11 eDNA Pres II,C12,Ethanol,4,1 year,52,PCI,3,9,"2,796.48",2796.48,27.237,27.11087163,0.12612837,1.935,33.08,1.14,1.764,22.8,0.000155227
11 eDNA Pres II,C4,Ethanol,4,1 year,52,PCI,3,1,"2,000.05",2000.05,27.081,27.11087163,-0.02987163,1.884,33.522,1.14,1.764,22.8,0.000288152
11 eDNA Pres II,C5,Ethanol,4,1 year,52,PCI,3,2,"2,615.94",2615.94,27.221,27.11087163,0.11012837,1.844,33.109,1.14,1.764,22.8,0.000753538
11 eDNA Pres II,C6,Ethanol,4,1 year,52,PCI,3,3,"3,494.87",3494.87,27.221,27.11087163,0.11012837,1.898,32.643,1.14,1.764,22.8,0.000388019
11 eDNA Pres II,C7,Ethanol,4,1 year,52,PCI,3,4,"2,566.47",2566.47,26.939,27.11087163,-0.17187163,1.919,33.181,1.14,1.764,22.8,0.000193123
11 eDNA Pres II,C8,Ethanol,4,1 year,52,PCI,3,5,"1,943.19",1943.19,27.117,27.11087163,0.00612837,1.873,33.58,1.14,1.764,22.8,0.000336261
11 eDNA Pres II,C9,Ethanol,4,1 year,52,PCI,3,6,"3,342.90",3342.9,27.326,27.11087163,0.21512837,1.844,32.647,1.14,1.764,22.8,0.000995417
11 eDNA Pres II,D10,Ethanol,4,1 year,52,PCI,4,7,"4,585.38",4585.38,27.257,27.11087163,0.14612837,1.842,32.129,1.14,1.764,22.8,0.001424915
11 eDNA Pres II,D11,Ethanol,4,1 year,52,PCI,4,8,"4,935.86",4935.86,27.111,27.11087163,0.00012837,1.838,32.028,1.14,1.764,22.8,0.001621313
11 eDNA Pres II,D12,Ethanol,4,1 year,52,PCI,4,9,"2,585.58",2585.58,27.14,27.11087163,0.02912837,1.998,33.267,1.14,1.764,22.8,4.76E-05
11 eDNA Pres II,D4,Ethanol,4,1 year,52,PCI,4,1,"2,700.85",2700.85,27.159,27.11087163,0.04812837,1.847,33.02,1.14,1.764,22.8,0.000756084
11 eDNA Pres II,D5,Ethanol,4,1 year,52,PCI,4,2,"3,804.15",3804.15,27.111,27.11087163,0.00012837,1.89,32.479,1.14,1.764,22.8,0.000495113
11 eDNA Pres II,D6,Ethanol,4,1 year,52,PCI,4,3,"3,240.92",3240.92,27.054,27.11087163,-0.05687163,1.856,32.707,1.14,1.764,22.8,0.000781757
11 eDNA Pres II,D7,Ethanol,4,1 year,52,PCI,4,4,"2,919.60",2919.6,27.175,27.11087163,0.06412837,1.868,32.957,1.14,1.764,22.8,0.000542521
11 eDNA Pres II,D8,Ethanol,4,1 year,52,PCI,4,5,"2,956.81",2956.81,27.344,27.11087163,0.23312837,1.777,32.993,1.14,1.764,22.8,0.002772745
11 eDNA Pres II,D9,Ethanol,4,1 year,52,PCI,4,6,"3,338.00",3338,27.227,27.11087163,0.11612837,1.916,32.742,1.14,1.764,22.8,0.000269674
11 eDNA Pres II,E10,Ethanol,4,1 year,52,Kit,1,7,"4,826.07",4826.07,27.396,27.11087163,0.28512837,1.857,32.095,1.14,1.764,22.8,0.001118995
11 eDNA Pres II,E11,Ethanol,4,1 year,52,Kit,1,8,"6,510.78",6510.78,27.228,27.11087163,0.11712837,1.85,31.603,1.14,1.764,22.8,0.001711107
11 eDNA Pres II,E12,Ethanol,4,1 year,52,Kit,1,9,"7,412.51",7412.51,27.408,27.11087163,0.29712837,1.819,31.351,1.14,1.764,22.8,0.003404468
11 eDNA Pres II,E4,Ethanol,4,1 year,52,Kit,1,1,"5,955.93",5955.93,27.366,27.11087163,0.25512837,1.879,31.768,1.14,1.764,22.8,0.000947731
11 eDNA Pres II,E5,Ethanol,4,1 year,52,Kit,1,2,"5,134.61",5134.61,27.143,27.11087163,0.03212837,1.861,32.002,1.14,1.764,22.8,0.001117359
11 eDNA Pres II,E6,Ethanol,4,1 year,52,Kit,1,3,"7,123.69",7123.69,27.592,27.11087163,0.48112837,1.83,31.408,1.14,1.764,22.8,0.002701005
11 eDNA Pres II,E7,Ethanol,4,1 year,52,Kit,1,4,"6,779.92",6779.92,27.456,27.11087163,0.34512837,1.805,31.489,1.14,1.764,22.8,0.004014072
11 eDNA Pres II,E8,Ethanol,4,1 year,52,Kit,1,5,"4,699.86",4699.86,27.49,27.11087163,0.37912837,1.838,32.109,1.14,1.764,22.8,0.001538996
11 eDNA Pres II,E9,Ethanol,4,1 year,52,Kit,1,6,"6,031.44",6031.44,27.396,27.11087163,0.28512837,1.832,31.688,1.14,1.764,22.8,0.002205436
11 eDNA Pres II,F11,Longmire's,RT,1 year,52,Kit,2,9,"10,182.45",10182.45,27.189,27.11087163,0.07812837,1.843,30.889,1.14,1.764,22.8,0.003012199
11 eDNA Pres II,F12,Ethanol,4,1 year,52,PCI,2,9,"3,704.84",3704.84,26.983,27.11087163,-0.12787163,1.973,32.622,1.14,1.764,22.8,0.000111143
11 eDNA Pres II,F4,Ethanol,4,1 year,52,Kit,2,1,"7,105.42",7105.42,27.498,27.11087163,0.38712837,1.849,31.424,1.14,1.764,22.8,0.001937218
11 eDNA Pres II,F5,Ethanol,4,1 year,52,Kit,2,2,"9,320.93",9320.93,27.503,27.11087163,0.39212837,1.832,30.972,1.14,1.764,22.8,0.003443567
11 eDNA Pres II,F6,Ethanol,4,1 year,52,Kit,2,3,"7,112.52",7112.52,27.327,27.11087163,0.21612837,1.807,31.345,1.14,1.764,22.8,0.004205834
11 eDNA Pres II,F7,Ethanol,4,1 year,52,Kit,2,4,"7,325.00",7325,27.607,27.11087163,0.49612837,1.817,31.33,1.14,1.764,22.8,0.003577574
11 eDNA Pres II,F8,Ethanol,4,1 year,52,Kit,2,5,"7,187.06",7187.06,27.525,27.11087163,0.41412837,1.822,31.372,1.14,1.764,22.8,0.003189425
11 eDNA Pres II,F9,Ethanol,4,1 year,52,Kit,2,6,"6,243.95",6243.95,27.568,27.11087163,0.45712837,1.907,31.708,1.14,1.764,22.8,0.000616918
11 eDNA Pres II,G10,Ethanol,4,1 year,52,Kit,3,9,"4,979.70",4979.7,27.615,27.11087163,0.50412837,1.821,32.025,1.14,1.764,22.8,0.002206097
11 eDNA Pres II,G11,Ethanol,4,1 year,52,Kit,2,7,"9,021.70",9021.7,27.96,27.11087163,0.84912837,1.813,31.016,1.14,1.764,22.8,0.004616041
11 eDNA Pres II,G12,Ethanol,4,1 year,52,Kit,2,8,"8,292.40",8292.4,28.137,27.11087163,1.02612837,1.9,31.274,1.14,1.764,22.8,0.00091791
11 eDNA Pres II,G2,Ethanol,4,1 year,52,Kit,3,1,"6,422.73",6422.73,27.293,27.11087163,0.18212837,1.938,31.706,1.14,1.764,22.8,0.000369406
11 eDNA Pres II,G3,Ethanol,4,1 year,52,Kit,3,2,"6,012.41",6012.41,27.391,27.11087163,0.28012837,1.914,31.817,1.14,1.764,22.8,0.00050533
11 eDNA Pres II,G4,Ethanol,4,1 year,52,Kit,3,3,"4,574.47",4574.47,27.443,27.11087163,0.33212837,1.869,32.186,1.14,1.764,22.8,0.000865493
11 eDNA Pres II,G5,Ethanol,4,1 year,52,Kit,3,4,"6,526.04",6526.04,27.421,27.11087163,0.31012837,1.837,31.573,1.14,1.764,22.8,0.002165298
11 eDNA Pres II,G6,Ethanol,4,1 year,52,Kit,3,5,"5,698.33",5698.33,27.565,27.11087163,0.45412837,1.857,31.799,1.14,1.764,22.8,0.001354418
11 eDNA Pres II,G7,Ethanol,4,1 year,52,Kit,3,6,"4,630.53",4630.53,27.558,27.11087163,0.44712837,1.843,32.154,1.14,1.764,22.8,0.001375622
11 eDNA Pres II,G8,Ethanol,4,1 year,52,Kit,3,7,"5,613.93",5613.93,27.677,27.11087163,0.56612837,1.804,31.824,1.14,1.764,22.8,0.003316867
11 eDNA Pres II,G9,Ethanol,4,1 year,52,Kit,3,8,"5,209.46",5209.46,27.616,27.11087163,0.50512837,1.807,31.893,1.14,1.764,22.8,0.003032766
11 eDNA Pres II,H1,Ethanol,4,1 year,52,Kit,4,1,"5,730.76",5730.76,27.706,27.11087163,0.59512837,1.851,31.854,1.14,1.764,22.8,0.001446654
11 eDNA Pres II,H2,Ethanol,4,1 year,52,Kit,4,2,"4,423.43",4423.43,27.861,27.11087163,0.75012837,1.861,32.224,1.14,1.764,22.8,0.000959937
11 eDNA Pres II,H3,Ethanol,4,1 year,52,Kit,4,3,"5,367.59",5367.59,27.882,27.11087163,0.77112837,1.821,31.9,1.14,1.764,22.8,0.002346365
11 eDNA Pres II,H4,Ethanol,4,1 year,52,Kit,4,4,"4,813.75",4813.75,27.872,27.11087163,0.76112837,1.84,32.064,1.14,1.764,22.8,0.001537385
11 eDNA Pres II,H5,Ethanol,4,1 year,52,Kit,4,5,"6,674.82",6674.82,27.874,27.11087163,0.76312837,1.839,31.564,1.14,1.764,22.8,0.002132641
11 eDNA Pres II,H6,Ethanol,4,1 year,52,Kit,4,6,"4,471.90",4471.9,27.741,27.11087163,0.63012837,1.824,32.181,1.14,1.764,22.8,0.00188795
11 eDNA Pres II,H7,Ethanol,4,1 year,52,Kit,4,7,"4,329.01",4329.01,27.973,27.11087163,0.86212837,1.865,32.268,1.14,1.764,22.8,0.000882788
11 eDNA Pres II,H8,Ethanol,4,1 year,52,Kit,4,8,"5,322.08",5322.08,27.954,27.11087163,0.84312837,1.858,31.973,1.14,1.764,22.8,0.001189023
11 eDNA Pres II,H9,Ethanol,4,1 year,52,Kit,4,9,"5,041.05",5041.05,27.878,27.11087163,0.76712837,1.691,31.715,1.14,1.764,22.8,0.027871979
24 eDNA Pres I and II,G12,Ethanol,4,1 year,52,Kit,2,9,"5,676.34",5676.34,27.456,27.33913294,0.11686706,1.829,31.671,1.14,1.804,22.93,0.004230973
